category	term	number_of_genes	number_of_genes_in_background	ncbiTaxonId	inputGenes	preferredNames	p_value	fdr	description
DISEASES	DOID:7	337	4798	9606	9606.ENSP00000020945,9606.ENSP00000026218,9606.ENSP00000029410,9606.ENSP00000167586,9606.ENSP00000168216,9606.ENSP00000173229,9606.ENSP00000205948,9606.ENSP00000215727,9606.ENSP00000215754,9606.ENSP00000215882,9606.ENSP00000215909,9606.ENSP00000216117,9606.ENSP00000216274,9606.ENSP00000216452,9606.ENSP00000216492,9606.ENSP00000219070,9606.ENSP00000219281,9606.ENSP00000221930,9606.ENSP00000223136,9606.ENSP00000225655,9606.ENSP00000225964,9606.ENSP00000226760,9606.ENSP00000228606,9606.ENSP00000229270,9606.ENSP00000229379,9606.ENSP00000231061,9606.ENSP00000231449,9606.ENSP00000231751,9606.ENSP00000232905,9606.ENSP00000233242,9606.ENSP00000234111,9606.ENSP00000238156,9606.ENSP00000242057,9606.ENSP00000242480,9606.ENSP00000244769,9606.ENSP00000245907,9606.ENSP00000246662,9606.ENSP00000246672,9606.ENSP00000249071,9606.ENSP00000249356,9606.ENSP00000249373,9606.ENSP00000250092,9606.ENSP00000251595,9606.ENSP00000252242,9606.ENSP00000252252,9606.ENSP00000252486,9606.ENSP00000252506,9606.ENSP00000252744,9606.ENSP00000254066,9606.ENSP00000255136,9606.ENSP00000255409,9606.ENSP00000256078,9606.ENSP00000256447,9606.ENSP00000256646,9606.ENSP00000257787,9606.ENSP00000257895,9606.ENSP00000259206,9606.ENSP00000260408,9606.ENSP00000260731,9606.ENSP00000261170,9606.ENSP00000261590,9606.ENSP00000261799,9606.ENSP00000262177,9606.ENSP00000262187,9606.ENSP00000262345,9606.ENSP00000262367,9606.ENSP00000263317,9606.ENSP00000263341,9606.ENSP00000263388,9606.ENSP00000263464,9606.ENSP00000263734,9606.ENSP00000264690,9606.ENSP00000265077,9606.ENSP00000265165,9606.ENSP00000265969,9606.ENSP00000266376,9606.ENSP00000267569,9606.ENSP00000268679,9606.ENSP00000269097,9606.ENSP00000270142,9606.ENSP00000271450,9606.ENSP00000272369,9606.ENSP00000274276,9606.ENSP00000274376,9606.ENSP00000275493,9606.ENSP00000279488,9606.ENSP00000280551,9606.ENSP00000282272,9606.ENSP00000282903,9606.ENSP00000282928,9606.ENSP00000283928,9606.ENSP00000284240,9606.ENSP00000284268,9606.ENSP00000284981,9606.ENSP00000286628,9606.ENSP00000287842,9606.ENSP00000290167,9606.ENSP00000291442,9606.ENSP00000291554,9606.ENSP00000292246,9606.ENSP00000294413,9606.ENSP00000295095,9606.ENSP00000296456,9606.ENSP00000297261,9606.ENSP00000298910,9606.ENSP00000299155,9606.ENSP00000300060,9606.ENSP00000300692,9606.ENSP00000300900,9606.ENSP00000301653,9606.ENSP00000301945,9606.ENSP00000302324,9606.ENSP00000302569,9606.ENSP00000304408,9606.ENSP00000304956,9606.ENSP00000306099,9606.ENSP00000306157,9606.ENSP00000307342,9606.ENSP00000307508,9606.ENSP00000307900,9606.ENSP00000307959,9606.ENSP00000308541,9606.ENSP00000308782,9606.ENSP00000309591,9606.ENSP00000310375,9606.ENSP00000310861,9606.ENSP00000311469,9606.ENSP00000311833,9606.ENSP00000313967,9606.ENSP00000314480,9606.ENSP00000315130,9606.ENSP00000315190,9606.ENSP00000317272,9606.ENSP00000317379,9606.ENSP00000317674,9606.ENSP00000319141,9606.ENSP00000320509,9606.ENSP00000323901,9606.ENSP00000323929,9606.ENSP00000325146,9606.ENSP00000325296,9606.ENSP00000325527,9606.ENSP00000326581,9606.ENSP00000326888,9606.ENSP00000328269,9606.ENSP00000329243,9606.ENSP00000330959,9606.ENSP00000331614,9606.ENSP00000331736,9606.ENSP00000335029,9606.ENSP00000336752,9606.ENSP00000337168,9606.ENSP00000338413,9606.ENSP00000338785,9606.ENSP00000340278,9606.ENSP00000341815,9606.ENSP00000343200,9606.ENSP00000343505,9606.ENSP00000344432,9606.ENSP00000345672,9606.ENSP00000345997,9606.ENSP00000346027,9606.ENSP00000346839,9606.ENSP00000347088,9606.ENSP00000348472,9606.ENSP00000348888,9606.ENSP00000349588,9606.ENSP00000349860,9606.ENSP00000350195,9606.ENSP00000350425,9606.ENSP00000350844,9606.ENSP00000351022,9606.ENSP00000351059,9606.ENSP00000351273,9606.ENSP00000351777,9606.ENSP00000351807,9606.ENSP00000352516,9606.ENSP00000352798,9606.ENSP00000353422,9606.ENSP00000353654,9606.ENSP00000354111,9606.ENSP00000355245,9606.ENSP00000355470,9606.ENSP00000355559,9606.ENSP00000356224,9606.ENSP00000356319,9606.ENSP00000356331,9606.ENSP00000356515,9606.ENSP00000356545,9606.ENSP00000356607,9606.ENSP00000356771,9606.ENSP00000357721,9606.ENSP00000359319,9606.ENSP00000359345,9606.ENSP00000360502,9606.ENSP00000360522,9606.ENSP00000361405,9606.ENSP00000362108,9606.ENSP00000362285,9606.ENSP00000362413,9606.ENSP00000362734,9606.ENSP00000362924,9606.ENSP00000363330,9606.ENSP00000363770,9606.ENSP00000363973,9606.ENSP00000364163,9606.ENSP00000365012,9606.ENSP00000365227,9606.ENSP00000366416,9606.ENSP00000366525,9606.ENSP00000366997,9606.ENSP00000367123,9606.ENSP00000368104,9606.ENSP00000368572,9606.ENSP00000369129,9606.ENSP00000369286,9606.ENSP00000369317,9606.ENSP00000370034,9606.ENSP00000370744,9606.ENSP00000370990,9606.ENSP00000373574,9606.ENSP00000375653,9606.ENSP00000376178,9606.ENSP00000376306,9606.ENSP00000376367,9606.ENSP00000376475,9606.ENSP00000376637,9606.ENSP00000377192,9606.ENSP00000377265,9606.ENSP00000377783,9606.ENSP00000378131,9606.ENSP00000378359,9606.ENSP00000378757,9606.ENSP00000378786,9606.ENSP00000379140,9606.ENSP00000379258,9606.ENSP00000379287,9606.ENSP00000379496,9606.ENSP00000380070,9606.ENSP00000380690,9606.ENSP00000381148,9606.ENSP00000381185,9606.ENSP00000381448,9606.ENSP00000381492,9606.ENSP00000381968,9606.ENSP00000383053,9606.ENSP00000383364,9606.ENSP00000383382,9606.ENSP00000383931,9606.ENSP00000384849,9606.ENSP00000384957,9606.ENSP00000386331,9606.ENSP00000386444,9606.ENSP00000386717,9606.ENSP00000386881,9606.ENSP00000386884,9606.ENSP00000388723,9606.ENSP00000389631,9606.ENSP00000389998,9606.ENSP00000391090,9606.ENSP00000391481,9606.ENSP00000392043,9606.ENSP00000392423,9606.ENSP00000392700,9606.ENSP00000393312,9606.ENSP00000396198,9606.ENSP00000399168,9606.ENSP00000401437,9606.ENSP00000402257,9606.ENSP00000402760,9606.ENSP00000403495,9606.ENSP00000405330,9606.ENSP00000407422,9606.ENSP00000408411,9606.ENSP00000409126,9606.ENSP00000412237,9606.ENSP00000414303,9606.ENSP00000415941,9606.ENSP00000416066,9606.ENSP00000416293,9606.ENSP00000416330,9606.ENSP00000417175,9606.ENSP00000424226,9606.ENSP00000432568,9606.ENSP00000435712,9606.ENSP00000437659,9606.ENSP00000440066,9606.ENSP00000442050,9606.ENSP00000442788,9606.ENSP00000444271,9606.ENSP00000444736,9606.ENSP00000446576,9606.ENSP00000450540,9606.ENSP00000452120,9606.ENSP00000452877,9606.ENSP00000454071,9606.ENSP00000457421,9606.ENSP00000467579,9606.ENSP00000468002,9606.ENSP00000468411,9606.ENSP00000473686,9606.ENSP00000478255,9606.ENSP00000478561,9606.ENSP00000480132,9606.ENSP00000481029,9606.ENSP00000481380,9606.ENSP00000481570,9606.ENSP00000482169,9606.ENSP00000482457,9606.ENSP00000483872,9606.ENSP00000484687,9606.ENSP00000486291,9606.ENSP00000486891,9606.ENSP00000492024,9606.ENSP00000493153,9606.ENSP00000493252,9606.ENSP00000493985,9606.ENSP00000494175,9606.ENSP00000494678,9606.ENSP00000494697,9606.ENSP00000495061,9606.ENSP00000495273,9606.ENSP00000495385,9606.ENSP00000496166,9606.ENSP00000496250,9606.ENSP00000496779,9606.ENSP00000497069,9606.ENSP00000497160,9606.ENSP00000497574,9606.ENSP00000497910,9606.ENSP00000498116,9606.ENSP00000498217,9606.ENSP00000498251,9606.ENSP00000498321,9606.ENSP00000498358,9606.ENSP00000498441,9606.ENSP00000500990	SNAI2,PIGQ,B4GALT7,KRT14,HSD17B10,NTN1,APOH,SERPIND1,MIF,SLC25A1,LGALS1,HMOX1,RIPK3,PIGH,CHGA,MMP2,USB1,TGFB1,FIS1,PFN1,COL1A1,WFS1,CYP27B1,TPI1,COX6A1,SPARC,IL4,LTF,EIF1B,APOB,ODC1,CCDC92,AHR,EGR2,ATXN1,C3,KRT9,NR1D1,RAC2,DNAJB9,SMO,CD68,HBA2,KRT5,KRT6B,APOE,GADD45G,ZSWIM6,RARA,PABPC1L,CHI3L1,KRAS,CD180,NOTCH2,AKIRIN2,RDH5,IL1RN,ADAM10,KIF11,GUCY2C,DSG2,PDGFRB,DNAJB6,RHEB,IL12RB2,CREBBP,NOX4,IL1B,NOTCH3,BIRC3,EPAS1,KLKB1,VCAN,LEF1,KCNC1,CACNA1C,JDP2,CBFA2T3,G6PC3,SOD1,FCGR2A,MEIS1,OSMR,RASA1,EGFR,DUSP6,SEC24D,ANKRD44,PLOD2,ZIC1,JAZF1,THY1,ANKH,APP,KCNMA1,NRG1,WNT4,NR2F6,CRYAA,ANO10,RHCE,ARHGAP15,APEH,SHH,LRRK2,AMN,ANPEP,CD3D,CA4,KRT16,ANTXR1,RNASE3,CLEC7A,COL3A1,MN1,FGB,IL7R,HCN1,CALB2,GLUL,DST,F2,GP6,PRKACA,MLC1,KRT2,GSTM1,SLC37A2,C1QB,UNCX,CLU,ITGA3,MET,GLS,APOL1,CYBRD1,BANK1,FZD2,A2M,COL12A1,PKD2L1,FBN1,PEG3,LIMS2,HMG20B,KRT7,IL1R2,IKZF1,SELE,RASA3,FIP1L1,EPB41L1,UBA1,STARD13,PARK7,SOX18,SKOR1,TNFSF13,DOK7,CTSB,DMPK,RPL21,FN1,LARGE1,PXK,PIGR,ANK2,GFPT1,MAP3K6,APOA4,PAX5,TPM1,CX3CR1,CASP8,VCP,ELN,DNMT1,COL18A1,VPS13A,COL4A2,DNAJC5,PAX9,CNST,B3GALNT2,SYNE1,KIF14,NR5A2,UTRN,CACNA1E,RALGPS2,F5,S100A8,PAX2,RPL5,PDE6C,RBP4,MMP9,LCN2,SLC29A3,PGK1,CRB2,GSN,CD52,C1QC,ALPL,NOTCH4,HCK,AIF1,EDNRB,FTL,DIS3,SLC3A2,BMP2,SAT1,DSP,LY86,KRT6A,TLR7,ITPR2,SHOX,ACVRL1,NLRP12,STX2,CIT,WASF1,PRKAR1A,IGF1,G6PD,TFAP2B,PROS1,CFI,ADH6,SLC16A9,HLA-DRA,CXCL12,GLI3,YWHAZ,PDE1C,GAPDH,BICDL1,CTDSP2,BCL2,CST3,LAT2,SPTLC3,EPHB2,PLA2G2A,GP1BB,GP5,CDKN1A,F11,MYO7A,SAG,RPL31,DYSF,CXCR4,KBTBD13,ARPC1B,TMEM67,CHEK1,TKT,ATP2B1,RELN,AMER3,FGFR1,FGF13,HLA-B,LDB3,RUNX1T1,SLC22A5,LTA,ESR1,MUC7,LAMP2,ANO6,IL10,BDNF,C4B,SERPINA1,SLC2A1,TGFBI,VAPB,TENM3,SPTBN2,GATA4,PHC1,JCHAIN,PCYT2,TET2,C1R,TAS2R30,ATXN2,SERPINA3,ITGA7,ZNF592,LDLR,PECAM1,WBP2,KANK2,PSENEN,MTRNR2L6,ABCB1,CYP1B1,NCAM1,PSMC3,CCNA2,TNFAIP3,NEFL,PLCG2,TSPAN33,ZNHIT3,SUGCT,TCF7L2,PAX6,PPT1,ZFHX3,KNG1,HBB,TBC1D24,RPL9,PITX2,RPS7,SLC19A3,ALDOA,RPL11,LZTR1,IGF1R,EIF2B5,GCLC,B2M,DLX5,ALX4,MTUS2,MYD88,FECH,FGA,SNCA	1.26e-18	5.8e-15	Disease of anatomical entity
DISEASES	DOID:4	405	6291	9606	9606.ENSP00000020945,9606.ENSP00000026218,9606.ENSP00000029410,9606.ENSP00000035307,9606.ENSP00000167586,9606.ENSP00000168216,9606.ENSP00000173229,9606.ENSP00000199764,9606.ENSP00000205948,9606.ENSP00000215727,9606.ENSP00000215754,9606.ENSP00000215882,9606.ENSP00000215909,9606.ENSP00000216117,9606.ENSP00000216274,9606.ENSP00000216452,9606.ENSP00000216492,9606.ENSP00000217426,9606.ENSP00000219070,9606.ENSP00000219281,9606.ENSP00000221930,9606.ENSP00000222381,9606.ENSP00000223136,9606.ENSP00000225655,9606.ENSP00000225964,9606.ENSP00000226760,9606.ENSP00000228606,9606.ENSP00000229270,9606.ENSP00000229307,9606.ENSP00000229379,9606.ENSP00000230990,9606.ENSP00000231061,9606.ENSP00000231449,9606.ENSP00000231751,9606.ENSP00000232905,9606.ENSP00000233242,9606.ENSP00000234111,9606.ENSP00000234739,9606.ENSP00000238156,9606.ENSP00000240306,9606.ENSP00000241052,9606.ENSP00000242057,9606.ENSP00000242480,9606.ENSP00000244769,9606.ENSP00000245907,9606.ENSP00000246662,9606.ENSP00000246672,9606.ENSP00000247470,9606.ENSP00000249071,9606.ENSP00000249356,9606.ENSP00000249373,9606.ENSP00000250092,9606.ENSP00000251595,9606.ENSP00000252242,9606.ENSP00000252252,9606.ENSP00000252486,9606.ENSP00000252506,9606.ENSP00000252744,9606.ENSP00000253122,9606.ENSP00000254066,9606.ENSP00000255136,9606.ENSP00000255409,9606.ENSP00000256078,9606.ENSP00000256447,9606.ENSP00000256646,9606.ENSP00000257264,9606.ENSP00000257570,9606.ENSP00000257787,9606.ENSP00000257895,9606.ENSP00000258145,9606.ENSP00000259206,9606.ENSP00000260408,9606.ENSP00000260731,9606.ENSP00000261024,9606.ENSP00000261170,9606.ENSP00000261267,9606.ENSP00000261590,9606.ENSP00000261647,9606.ENSP00000261799,9606.ENSP00000262177,9606.ENSP00000262187,9606.ENSP00000262345,9606.ENSP00000262367,9606.ENSP00000263317,9606.ENSP00000263341,9606.ENSP00000263388,9606.ENSP00000263464,9606.ENSP00000263734,9606.ENSP00000264170,9606.ENSP00000264674,9606.ENSP00000264690,9606.ENSP00000265077,9606.ENSP00000265165,9606.ENSP00000265969,9606.ENSP00000266031,9606.ENSP00000266376,9606.ENSP00000267569,9606.ENSP00000268679,9606.ENSP00000269097,9606.ENSP00000269228,9606.ENSP00000270142,9606.ENSP00000271450,9606.ENSP00000272369,9606.ENSP00000274276,9606.ENSP00000274376,9606.ENSP00000274498,9606.ENSP00000275493,9606.ENSP00000276390,9606.ENSP00000279488,9606.ENSP00000280236,9606.ENSP00000280551,9606.ENSP00000282272,9606.ENSP00000282903,9606.ENSP00000282928,9606.ENSP00000283928,9606.ENSP00000284240,9606.ENSP00000284268,9606.ENSP00000284981,9606.ENSP00000286628,9606.ENSP00000287842,9606.ENSP00000290167,9606.ENSP00000290541,9606.ENSP00000291442,9606.ENSP00000291554,9606.ENSP00000292246,9606.ENSP00000294413,9606.ENSP00000295095,9606.ENSP00000296456,9606.ENSP00000297261,9606.ENSP00000298910,9606.ENSP00000299084,9606.ENSP00000299155,9606.ENSP00000299663,9606.ENSP00000300060,9606.ENSP00000300692,9606.ENSP00000300900,9606.ENSP00000301653,9606.ENSP00000301945,9606.ENSP00000302324,9606.ENSP00000302569,9606.ENSP00000304408,9606.ENSP00000304956,9606.ENSP00000306099,9606.ENSP00000306157,9606.ENSP00000306245,9606.ENSP00000307342,9606.ENSP00000307508,9606.ENSP00000307900,9606.ENSP00000307959,9606.ENSP00000308541,9606.ENSP00000308782,9606.ENSP00000309591,9606.ENSP00000310375,9606.ENSP00000310861,9606.ENSP00000311449,9606.ENSP00000311469,9606.ENSP00000311833,9606.ENSP00000312150,9606.ENSP00000313391,9606.ENSP00000313504,9606.ENSP00000313967,9606.ENSP00000314480,9606.ENSP00000315130,9606.ENSP00000315190,9606.ENSP00000317272,9606.ENSP00000317379,9606.ENSP00000317674,9606.ENSP00000319141,9606.ENSP00000320509,9606.ENSP00000323901,9606.ENSP00000323929,9606.ENSP00000324270,9606.ENSP00000325146,9606.ENSP00000325296,9606.ENSP00000325527,9606.ENSP00000326305,9606.ENSP00000326581,9606.ENSP00000326888,9606.ENSP00000328269,9606.ENSP00000328364,9606.ENSP00000329243,9606.ENSP00000330101,9606.ENSP00000330959,9606.ENSP00000331614,9606.ENSP00000331736,9606.ENSP00000335029,9606.ENSP00000336752,9606.ENSP00000337168,9606.ENSP00000337443,9606.ENSP00000338413,9606.ENSP00000338785,9606.ENSP00000340278,9606.ENSP00000340507,9606.ENSP00000341815,9606.ENSP00000343200,9606.ENSP00000343505,9606.ENSP00000344432,9606.ENSP00000345055,9606.ENSP00000345672,9606.ENSP00000345997,9606.ENSP00000346027,9606.ENSP00000346839,9606.ENSP00000347088,9606.ENSP00000348472,9606.ENSP00000348888,9606.ENSP00000349446,9606.ENSP00000349588,9606.ENSP00000349860,9606.ENSP00000350195,9606.ENSP00000350260,9606.ENSP00000350425,9606.ENSP00000350844,9606.ENSP00000351022,9606.ENSP00000351059,9606.ENSP00000351273,9606.ENSP00000351777,9606.ENSP00000351807,9606.ENSP00000352516,9606.ENSP00000352798,9606.ENSP00000353344,9606.ENSP00000353422,9606.ENSP00000353654,9606.ENSP00000354111,9606.ENSP00000355245,9606.ENSP00000355387,9606.ENSP00000355470,9606.ENSP00000355559,9606.ENSP00000355922,9606.ENSP00000356224,9606.ENSP00000356319,9606.ENSP00000356331,9606.ENSP00000356515,9606.ENSP00000356545,9606.ENSP00000356607,9606.ENSP00000356771,9606.ENSP00000357721,9606.ENSP00000357917,9606.ENSP00000359319,9606.ENSP00000359345,9606.ENSP00000360502,9606.ENSP00000360522,9606.ENSP00000360645,9606.ENSP00000361405,9606.ENSP00000362108,9606.ENSP00000362285,9606.ENSP00000362413,9606.ENSP00000362734,9606.ENSP00000362924,9606.ENSP00000363123,9606.ENSP00000363330,9606.ENSP00000363559,9606.ENSP00000363770,9606.ENSP00000363973,9606.ENSP00000364163,9606.ENSP00000365012,9606.ENSP00000365227,9606.ENSP00000366416,9606.ENSP00000366525,9606.ENSP00000366997,9606.ENSP00000367123,9606.ENSP00000367615,9606.ENSP00000368104,9606.ENSP00000368572,9606.ENSP00000369129,9606.ENSP00000369286,9606.ENSP00000369317,9606.ENSP00000370034,9606.ENSP00000370744,9606.ENSP00000370990,9606.ENSP00000373574,9606.ENSP00000375653,9606.ENSP00000376178,9606.ENSP00000376306,9606.ENSP00000376367,9606.ENSP00000376436,9606.ENSP00000376475,9606.ENSP00000376637,9606.ENSP00000377192,9606.ENSP00000377265,9606.ENSP00000377783,9606.ENSP00000378131,9606.ENSP00000378359,9606.ENSP00000378757,9606.ENSP00000378786,9606.ENSP00000379140,9606.ENSP00000379258,9606.ENSP00000379287,9606.ENSP00000379496,9606.ENSP00000380070,9606.ENSP00000380666,9606.ENSP00000380690,9606.ENSP00000381148,9606.ENSP00000381185,9606.ENSP00000381448,9606.ENSP00000381492,9606.ENSP00000381968,9606.ENSP00000383053,9606.ENSP00000383364,9606.ENSP00000383382,9606.ENSP00000383931,9606.ENSP00000384367,9606.ENSP00000384849,9606.ENSP00000384957,9606.ENSP00000386331,9606.ENSP00000386444,9606.ENSP00000386717,9606.ENSP00000386881,9606.ENSP00000386884,9606.ENSP00000388723,9606.ENSP00000389631,9606.ENSP00000389998,9606.ENSP00000391090,9606.ENSP00000391481,9606.ENSP00000392043,9606.ENSP00000392423,9606.ENSP00000392700,9606.ENSP00000393312,9606.ENSP00000396198,9606.ENSP00000396843,9606.ENSP00000399168,9606.ENSP00000399679,9606.ENSP00000401437,9606.ENSP00000402257,9606.ENSP00000402760,9606.ENSP00000403441,9606.ENSP00000403495,9606.ENSP00000405330,9606.ENSP00000407422,9606.ENSP00000408411,9606.ENSP00000409126,9606.ENSP00000411096,9606.ENSP00000412237,9606.ENSP00000414303,9606.ENSP00000415941,9606.ENSP00000416066,9606.ENSP00000416293,9606.ENSP00000416330,9606.ENSP00000417175,9606.ENSP00000422464,9606.ENSP00000424226,9606.ENSP00000425915,9606.ENSP00000432568,9606.ENSP00000434552,9606.ENSP00000435712,9606.ENSP00000437659,9606.ENSP00000440066,9606.ENSP00000441828,9606.ENSP00000442050,9606.ENSP00000442788,9606.ENSP00000444271,9606.ENSP00000444736,9606.ENSP00000446576,9606.ENSP00000448665,9606.ENSP00000450540,9606.ENSP00000452120,9606.ENSP00000452877,9606.ENSP00000454071,9606.ENSP00000457421,9606.ENSP00000462337,9606.ENSP00000467579,9606.ENSP00000468002,9606.ENSP00000468411,9606.ENSP00000473686,9606.ENSP00000476176,9606.ENSP00000478255,9606.ENSP00000478561,9606.ENSP00000480132,9606.ENSP00000481029,9606.ENSP00000481380,9606.ENSP00000481570,9606.ENSP00000482169,9606.ENSP00000482457,9606.ENSP00000483872,9606.ENSP00000484687,9606.ENSP00000486291,9606.ENSP00000486891,9606.ENSP00000492024,9606.ENSP00000493153,9606.ENSP00000493252,9606.ENSP00000493728,9606.ENSP00000493985,9606.ENSP00000494125,9606.ENSP00000494175,9606.ENSP00000494678,9606.ENSP00000494697,9606.ENSP00000495061,9606.ENSP00000495273,9606.ENSP00000495385,9606.ENSP00000496166,9606.ENSP00000496250,9606.ENSP00000496699,9606.ENSP00000496779,9606.ENSP00000497069,9606.ENSP00000497160,9606.ENSP00000497574,9606.ENSP00000497910,9606.ENSP00000498116,9606.ENSP00000498217,9606.ENSP00000498251,9606.ENSP00000498321,9606.ENSP00000498358,9606.ENSP00000498441,9606.ENSP00000498786,9606.ENSP00000499695,9606.ENSP00000500990	SNAI2,PIGQ,B4GALT7,CHPF2,KRT14,HSD17B10,NTN1,CEACAM6,APOH,SERPIND1,MIF,SLC25A1,LGALS1,HMOX1,RIPK3,PIGH,CHGA,AHCY,MMP2,USB1,TGFB1,PON1,FIS1,PFN1,COL1A1,WFS1,CYP27B1,TPI1,NANOG,COX6A1,HBEGF,SPARC,IL4,LTF,EIF1B,APOB,ODC1,BCL9,CCDC92,DLX4,CAT,AHR,EGR2,ATXN1,C3,KRT9,NR1D1,PYCARD,RAC2,DNAJB9,SMO,CD68,HBA2,KRT5,KRT6B,APOE,GADD45G,ZSWIM6,SLC6A8,RARA,PABPC1L,CHI3L1,KRAS,CD180,NOTCH2,TCN1,OASL,AKIRIN2,RDH5,GNS,IL1RN,ADAM10,KIF11,SLC40A1,GUCY2C,LYZ,DSG2,TTC19,PDGFRB,DNAJB6,RHEB,IL12RB2,CREBBP,NOX4,IL1B,NOTCH3,BIRC3,EPAS1,KYNU,MECOM,KLKB1,VCAN,LEF1,KCNC1,HYAL1,CACNA1C,JDP2,CBFA2T3,G6PC3,NPC1,SOD1,FCGR2A,MEIS1,OSMR,RASA1,ARHGAP26,EGFR,ATP6V1B2,DUSP6,FSIP1,SEC24D,ANKRD44,PLOD2,ZIC1,JAZF1,THY1,ANKH,APP,KCNMA1,NRG1,WNT4,PSMB4,NR2F6,CRYAA,ANO10,RHCE,ARHGAP15,APEH,SHH,LRRK2,SPRED1,AMN,CLEC4E,ANPEP,CD3D,CA4,KRT16,ANTXR1,RNASE3,CLEC7A,COL3A1,MN1,FGB,IL7R,FOS,HCN1,CALB2,GLUL,DST,F2,GP6,PRKACA,MLC1,KRT2,RAB6A,GSTM1,SLC37A2,TRIB1,DAB2,PHKB,C1QB,UNCX,CLU,ITGA3,MET,GLS,APOL1,CYBRD1,BANK1,FZD2,A2M,OXTR,COL12A1,PKD2L1,FBN1,SLC25A20,PEG3,LIMS2,HMG20B,MAFA,KRT7,KRT76,IL1R2,IKZF1,SELE,RASA3,FIP1L1,EPB41L1,NXN,UBA1,STARD13,PARK7,TRIM24,SOX18,SKOR1,TNFSF13,DOK7,KCNQ5,CTSB,DMPK,RPL21,FN1,LARGE1,PXK,PIGR,ARG1,ANK2,GFPT1,MAP3K6,FAM219B,APOA4,PAX5,TPM1,CX3CR1,CASP8,VCP,ELN,DNMT1,COL18A1,ETS2,VPS13A,COL4A2,DNAJC5,PAX9,SCAMP5,CNST,B3GALNT2,CENPF,SYNE1,KIF14,NR5A2,UTRN,CACNA1E,RALGPS2,F5,S100A8,MLLT11,PAX2,RPL5,PDE6C,RBP4,MAN1B1,MMP9,LCN2,SLC29A3,PGK1,CRB2,GSN,AHDC1,CD52,EIF6,C1QC,ALPL,NOTCH4,HCK,AIF1,EDNRB,FTL,DIS3,SLC3A2,APRT,BMP2,SAT1,DSP,LY86,KRT6A,TLR7,ITPR2,SHOX,ACVRL1,NLRP12,STX2,CIT,WASF1,ETS1,PRKAR1A,IGF1,G6PD,TFAP2B,PROS1,CFI,ADH6,SLC16A9,HLA-DRA,CXCL12,GLI3,YWHAZ,PDE1C,GAPDH,SLC7A7,BICDL1,CTDSP2,BCL2,CST3,LAT2,SPTLC3,EPHB2,PLA2G2A,GP1BB,GP5,KCTD1,CDKN1A,F11,MYO7A,SAG,RPL31,DYSF,CXCR4,KBTBD13,ARPC1B,TMEM67,CHEK1,TKT,ATP2B1,RELN,AMER3,FGFR1,FGF13,NFIC,HLA-B,PRG4,LDB3,RUNX1T1,SLC22A5,ZNF30,LTA,ESR1,MUC7,LAMP2,ANO6,ABCA13,IL10,BDNF,C4B,SERPINA1,SLC2A1,TGFBI,VAPB,PDGFC,TENM3,SELENOP,SPTBN2,MAML2,GATA4,PHC1,JCHAIN,HPR,PCYT2,TET2,C1R,TAS2R30,ATXN2,DDIT3,SERPINA3,ITGA7,ZNF592,LDLR,PECAM1,VEZF1,WBP2,KANK2,PSENEN,MTRNR2L6,SLC37A4,ABCB1,CYP1B1,NCAM1,PSMC3,CCNA2,TNFAIP3,NEFL,PLCG2,TSPAN33,ZNHIT3,SUGCT,TCF7L2,PAX6,PPT1,ZFHX3,GRB10,KNG1,TPM4,HBB,TBC1D24,RPL9,PITX2,RPS7,SLC19A3,ALDOA,RPL11,CHAMP1,LZTR1,IGF1R,EIF2B5,GCLC,B2M,DLX5,ALX4,MTUS2,MYD88,FECH,FGA,HMBS,UCP2,SNCA	7.28e-17	1.67e-13	Disease
DISEASES	DOID:74	59	473	9606	9606.ENSP00000167586,9606.ENSP00000215727,9606.ENSP00000228606,9606.ENSP00000229270,9606.ENSP00000231449,9606.ENSP00000251595,9606.ENSP00000252242,9606.ENSP00000254066,9606.ENSP00000256078,9606.ENSP00000261799,9606.ENSP00000263341,9606.ENSP00000263464,9606.ENSP00000263734,9606.ENSP00000264690,9606.ENSP00000268679,9606.ENSP00000269097,9606.ENSP00000294413,9606.ENSP00000299155,9606.ENSP00000300060,9606.ENSP00000302324,9606.ENSP00000306099,9606.ENSP00000308541,9606.ENSP00000308782,9606.ENSP00000314480,9606.ENSP00000319141,9606.ENSP00000331614,9606.ENSP00000336752,9606.ENSP00000349588,9606.ENSP00000350844,9606.ENSP00000351273,9606.ENSP00000356771,9606.ENSP00000359345,9606.ENSP00000362413,9606.ENSP00000363330,9606.ENSP00000377192,9606.ENSP00000377783,9606.ENSP00000381185,9606.ENSP00000383382,9606.ENSP00000384957,9606.ENSP00000386717,9606.ENSP00000386884,9606.ENSP00000402257,9606.ENSP00000409126,9606.ENSP00000412237,9606.ENSP00000415941,9606.ENSP00000416293,9606.ENSP00000442788,9606.ENSP00000450540,9606.ENSP00000480132,9606.ENSP00000493985,9606.ENSP00000494175,9606.ENSP00000494697,9606.ENSP00000495273,9606.ENSP00000496166,9606.ENSP00000496250,9606.ENSP00000497574,9606.ENSP00000497910,9606.ENSP00000498321,9606.ENSP00000498441	KRT14,SERPIND1,CYP27B1,TPI1,IL4,HBA2,KRT5,RARA,KRAS,PDGFRB,IL1B,BIRC3,EPAS1,KLKB1,CBFA2T3,G6PC3,RHCE,AMN,ANPEP,RNASE3,FGB,F2,GP6,UNCX,CYBRD1,IKZF1,FIP1L1,ANK2,PAX5,CASP8,F5,RPL5,PGK1,CD52,G6PD,PROS1,BCL2,GP1BB,F11,RPL31,CXCR4,RUNX1T1,ANO6,IL10,C4B,SLC2A1,TET2,SERPINA3,NCAM1,KNG1,HBB,RPL9,RPS7,ALDOA,RPL11,GCLC,B2M,MYD88,FGA	3.02e-11	4.62e-08	Hematopoietic system disease
DISEASES	DOID:9120	21	75	9606	9606.ENSP00000167586,9606.ENSP00000245907,9606.ENSP00000249356,9606.ENSP00000252242,9606.ENSP00000252486,9606.ENSP00000260408,9606.ENSP00000261267,9606.ENSP00000274276,9606.ENSP00000284981,9606.ENSP00000315130,9606.ENSP00000323929,9606.ENSP00000346839,9606.ENSP00000350425,9606.ENSP00000362924,9606.ENSP00000381448,9606.ENSP00000416066,9606.ENSP00000416330,9606.ENSP00000450540,9606.ENSP00000494175,9606.ENSP00000497910,9606.ENSP00000498441	KRT14,C3,DNAJB9,KRT5,APOE,ADAM10,LYZ,OSMR,APP,CLU,A2M,FN1,APOA4,GSN,CST3,SERPINA1,TGFBI,SERPINA3,HBB,B2M,FGA	6.17e-10	7.09e-07	Amyloidosis
DISEASES	DOID:16	63	575	9606	9606.ENSP00000020945,9606.ENSP00000167586,9606.ENSP00000215754,9606.ENSP00000219281,9606.ENSP00000228606,9606.ENSP00000231449,9606.ENSP00000234111,9606.ENSP00000245907,9606.ENSP00000246662,9606.ENSP00000249373,9606.ENSP00000250092,9606.ENSP00000252242,9606.ENSP00000252252,9606.ENSP00000252486,9606.ENSP00000256078,9606.ENSP00000259206,9606.ENSP00000260408,9606.ENSP00000261590,9606.ENSP00000263341,9606.ENSP00000264690,9606.ENSP00000265165,9606.ENSP00000274276,9606.ENSP00000275493,9606.ENSP00000291442,9606.ENSP00000297261,9606.ENSP00000301653,9606.ENSP00000301945,9606.ENSP00000307959,9606.ENSP00000310861,9606.ENSP00000311469,9606.ENSP00000315190,9606.ENSP00000325527,9606.ENSP00000329243,9606.ENSP00000341815,9606.ENSP00000346027,9606.ENSP00000350425,9606.ENSP00000351273,9606.ENSP00000351807,9606.ENSP00000352798,9606.ENSP00000362285,9606.ENSP00000362924,9606.ENSP00000364163,9606.ENSP00000366416,9606.ENSP00000368572,9606.ENSP00000369129,9606.ENSP00000369286,9606.ENSP00000369317,9606.ENSP00000370034,9606.ENSP00000370744,9606.ENSP00000376637,9606.ENSP00000377192,9606.ENSP00000378786,9606.ENSP00000381448,9606.ENSP00000399168,9606.ENSP00000403495,9606.ENSP00000412237,9606.ENSP00000416066,9606.ENSP00000468002,9606.ENSP00000468411,9606.ENSP00000473686,9606.ENSP00000481570,9606.ENSP00000493985,9606.ENSP00000498358	SNAI2,KRT14,MIF,USB1,CYP27B1,IL4,ODC1,C3,KRT9,SMO,CD68,KRT5,KRT6B,APOE,KRAS,IL1RN,ADAM10,DSG2,IL1B,KLKB1,LEF1,OSMR,EGFR,NR2F6,SHH,KRT16,ANTXR1,DST,KRT2,GSTM1,ITGA3,FBN1,KRT7,SOX18,RPL21,APOA4,CASP8,ELN,COL18A1,SLC29A3,GSN,NOTCH4,EDNRB,SAT1,DSP,LY86,KRT6A,TLR7,ITPR2,IGF1,G6PD,HLA-DRA,CST3,HLA-B,LTA,IL10,SERPINA1,KANK2,PSENEN,MTRNR2L6,TNFAIP3,KNG1,FECH	8.01e-10	7.36e-07	Integumentary system disease
DISEASES	DOID:0050736	114	1386	9606	9606.ENSP00000020945,9606.ENSP00000029410,9606.ENSP00000167586,9606.ENSP00000215727,9606.ENSP00000225964,9606.ENSP00000226760,9606.ENSP00000240306,9606.ENSP00000242480,9606.ENSP00000244769,9606.ENSP00000245907,9606.ENSP00000249071,9606.ENSP00000249373,9606.ENSP00000252242,9606.ENSP00000252252,9606.ENSP00000252486,9606.ENSP00000252744,9606.ENSP00000256646,9606.ENSP00000260731,9606.ENSP00000261267,9606.ENSP00000262177,9606.ENSP00000262367,9606.ENSP00000263341,9606.ENSP00000263388,9606.ENSP00000264690,9606.ENSP00000265969,9606.ENSP00000266376,9606.ENSP00000269228,9606.ENSP00000274376,9606.ENSP00000282272,9606.ENSP00000284268,9606.ENSP00000284981,9606.ENSP00000290167,9606.ENSP00000292246,9606.ENSP00000295095,9606.ENSP00000297261,9606.ENSP00000299084,9606.ENSP00000300900,9606.ENSP00000301653,9606.ENSP00000304408,9606.ENSP00000308541,9606.ENSP00000309591,9606.ENSP00000310861,9606.ENSP00000315130,9606.ENSP00000323901,9606.ENSP00000325527,9606.ENSP00000328269,9606.ENSP00000330101,9606.ENSP00000341815,9606.ENSP00000349588,9606.ENSP00000350195,9606.ENSP00000350260,9606.ENSP00000350425,9606.ENSP00000351059,9606.ENSP00000351777,9606.ENSP00000351807,9606.ENSP00000352516,9606.ENSP00000353654,9606.ENSP00000354111,9606.ENSP00000355387,9606.ENSP00000356224,9606.ENSP00000356771,9606.ENSP00000359319,9606.ENSP00000360502,9606.ENSP00000362924,9606.ENSP00000363123,9606.ENSP00000366416,9606.ENSP00000366525,9606.ENSP00000366997,9606.ENSP00000369129,9606.ENSP00000369317,9606.ENSP00000370990,9606.ENSP00000373574,9606.ENSP00000375653,9606.ENSP00000376475,9606.ENSP00000378131,9606.ENSP00000379140,9606.ENSP00000379258,9606.ENSP00000379496,9606.ENSP00000380690,9606.ENSP00000381448,9606.ENSP00000381492,9606.ENSP00000384367,9606.ENSP00000386331,9606.ENSP00000386884,9606.ENSP00000392423,9606.ENSP00000393312,9606.ENSP00000396843,9606.ENSP00000401437,9606.ENSP00000403441,9606.ENSP00000409126,9606.ENSP00000416066,9606.ENSP00000416293,9606.ENSP00000416330,9606.ENSP00000432568,9606.ENSP00000440066,9606.ENSP00000446576,9606.ENSP00000450540,9606.ENSP00000462337,9606.ENSP00000478561,9606.ENSP00000481570,9606.ENSP00000482169,9606.ENSP00000482457,9606.ENSP00000492024,9606.ENSP00000493985,9606.ENSP00000494175,9606.ENSP00000494678,9606.ENSP00000494697,9606.ENSP00000495061,9606.ENSP00000496250,9606.ENSP00000496699,9606.ENSP00000497910,9606.ENSP00000498116,9606.ENSP00000498441,9606.ENSP00000500990	SNAI2,B4GALT7,KRT14,SERPIND1,COL1A1,WFS1,DLX4,EGR2,ATXN1,C3,RAC2,SMO,KRT5,KRT6B,APOE,ZSWIM6,NOTCH2,KIF11,LYZ,DNAJB6,CREBBP,IL1B,NOTCH3,KLKB1,KCNC1,CACNA1C,NPC1,RASA1,ANKRD44,ANKH,APP,WNT4,ANO10,ARHGAP15,SHH,SPRED1,CA4,KRT16,COL3A1,F2,PRKACA,KRT2,CLU,FZD2,FBN1,HMG20B,KRT76,SOX18,ANK2,MAP3K6,FAM219B,APOA4,CX3CR1,VCP,ELN,DNMT1,COL4A2,DNAJC5,SCAMP5,SYNE1,F5,PAX2,PDE6C,GSN,AHDC1,EDNRB,FTL,DIS3,DSP,KRT6A,SHOX,ACVRL1,NLRP12,PRKAR1A,CFI,CXCL12,GLI3,PDE1C,BICDL1,CST3,LAT2,KCTD1,MYO7A,CXCR4,RELN,FGFR1,NFIC,LDB3,ZNF30,ANO6,SERPINA1,SLC2A1,TGFBI,SPTBN2,JCHAIN,ATXN2,SERPINA3,VEZF1,CYP1B1,TNFAIP3,NEFL,PLCG2,PAX6,KNG1,HBB,TBC1D24,RPL9,PITX2,RPL11,CHAMP1,B2M,DLX5,FGA,SNCA	1.72e-09	1.32e-06	Autosomal dominant disease
DISEASES	DOID:37	58	518	9606	9606.ENSP00000167586,9606.ENSP00000215754,9606.ENSP00000219281,9606.ENSP00000228606,9606.ENSP00000231449,9606.ENSP00000245907,9606.ENSP00000246662,9606.ENSP00000249373,9606.ENSP00000250092,9606.ENSP00000252242,9606.ENSP00000252252,9606.ENSP00000252486,9606.ENSP00000256078,9606.ENSP00000259206,9606.ENSP00000260408,9606.ENSP00000261590,9606.ENSP00000263341,9606.ENSP00000264690,9606.ENSP00000265165,9606.ENSP00000274276,9606.ENSP00000275493,9606.ENSP00000291442,9606.ENSP00000297261,9606.ENSP00000301653,9606.ENSP00000301945,9606.ENSP00000307959,9606.ENSP00000310861,9606.ENSP00000311469,9606.ENSP00000315190,9606.ENSP00000325527,9606.ENSP00000329243,9606.ENSP00000350425,9606.ENSP00000351273,9606.ENSP00000351807,9606.ENSP00000352798,9606.ENSP00000362924,9606.ENSP00000364163,9606.ENSP00000366416,9606.ENSP00000368572,9606.ENSP00000369129,9606.ENSP00000369286,9606.ENSP00000369317,9606.ENSP00000370034,9606.ENSP00000370744,9606.ENSP00000376637,9606.ENSP00000377192,9606.ENSP00000378786,9606.ENSP00000381448,9606.ENSP00000399168,9606.ENSP00000403495,9606.ENSP00000412237,9606.ENSP00000416066,9606.ENSP00000468002,9606.ENSP00000468411,9606.ENSP00000473686,9606.ENSP00000481570,9606.ENSP00000493985,9606.ENSP00000498358	KRT14,MIF,USB1,CYP27B1,IL4,C3,KRT9,SMO,CD68,KRT5,KRT6B,APOE,KRAS,IL1RN,ADAM10,DSG2,IL1B,KLKB1,LEF1,OSMR,EGFR,NR2F6,SHH,KRT16,ANTXR1,DST,KRT2,GSTM1,ITGA3,FBN1,KRT7,APOA4,CASP8,ELN,COL18A1,GSN,NOTCH4,EDNRB,SAT1,DSP,LY86,KRT6A,TLR7,ITPR2,IGF1,G6PD,HLA-DRA,CST3,HLA-B,LTA,IL10,SERPINA1,KANK2,PSENEN,MTRNR2L6,TNFAIP3,KNG1,FECH	1.86e-09	1.32e-06	Skin disease
DISEASES	DOID:14566	95	1101	9606	9606.ENSP00000167586,9606.ENSP00000199764,9606.ENSP00000215727,9606.ENSP00000215909,9606.ENSP00000216492,9606.ENSP00000221930,9606.ENSP00000225964,9606.ENSP00000229307,9606.ENSP00000231449,9606.ENSP00000232905,9606.ENSP00000234739,9606.ENSP00000247470,9606.ENSP00000249373,9606.ENSP00000250092,9606.ENSP00000252242,9606.ENSP00000252486,9606.ENSP00000254066,9606.ENSP00000256078,9606.ENSP00000261799,9606.ENSP00000262367,9606.ENSP00000263341,9606.ENSP00000263464,9606.ENSP00000263734,9606.ENSP00000264674,9606.ENSP00000265165,9606.ENSP00000268679,9606.ENSP00000274376,9606.ENSP00000274498,9606.ENSP00000275493,9606.ENSP00000283928,9606.ENSP00000287842,9606.ENSP00000290167,9606.ENSP00000291442,9606.ENSP00000297261,9606.ENSP00000300060,9606.ENSP00000304956,9606.ENSP00000306245,9606.ENSP00000307508,9606.ENSP00000307900,9606.ENSP00000313391,9606.ENSP00000314480,9606.ENSP00000317272,9606.ENSP00000326581,9606.ENSP00000329243,9606.ENSP00000331614,9606.ENSP00000336752,9606.ENSP00000340278,9606.ENSP00000340507,9606.ENSP00000347088,9606.ENSP00000350195,9606.ENSP00000350425,9606.ENSP00000350844,9606.ENSP00000351273,9606.ENSP00000351777,9606.ENSP00000353344,9606.ENSP00000356331,9606.ENSP00000357721,9606.ENSP00000357917,9606.ENSP00000359319,9606.ENSP00000363330,9606.ENSP00000365012,9606.ENSP00000370034,9606.ENSP00000373574,9606.ENSP00000376436,9606.ENSP00000376475,9606.ENSP00000376637,9606.ENSP00000378359,9606.ENSP00000380070,9606.ENSP00000381185,9606.ENSP00000383053,9606.ENSP00000383931,9606.ENSP00000384849,9606.ENSP00000386884,9606.ENSP00000393312,9606.ENSP00000399168,9606.ENSP00000402257,9606.ENSP00000405330,9606.ENSP00000412237,9606.ENSP00000416293,9606.ENSP00000434552,9606.ENSP00000442788,9606.ENSP00000444736,9606.ENSP00000448665,9606.ENSP00000450540,9606.ENSP00000457421,9606.ENSP00000478255,9606.ENSP00000480132,9606.ENSP00000481380,9606.ENSP00000486891,9606.ENSP00000493252,9606.ENSP00000494125,9606.ENSP00000496779,9606.ENSP00000497910,9606.ENSP00000498251,9606.ENSP00000498321	KRT14,CEACAM6,SERPIND1,LGALS1,CHGA,TGFB1,COL1A1,NANOG,IL4,EIF1B,BCL9,PYCARD,SMO,CD68,KRT5,APOE,RARA,KRAS,PDGFRB,CREBBP,IL1B,BIRC3,EPAS1,MECOM,LEF1,CBFA2T3,RASA1,ARHGAP26,EGFR,JAZF1,NRG1,WNT4,NR2F6,SHH,ANPEP,MN1,FOS,CALB2,GLUL,DAB2,UNCX,MET,PEG3,KRT7,IKZF1,FIP1L1,PARK7,TRIM24,LARGE1,MAP3K6,APOA4,PAX5,CASP8,VCP,ETS2,NR5A2,S100A8,MLLT11,PAX2,CD52,HCK,TLR7,ACVRL1,ETS1,PRKAR1A,IGF1,ADH6,GAPDH,BCL2,EPHB2,GP5,CDKN1A,CXCR4,FGFR1,HLA-B,RUNX1T1,ESR1,IL10,SLC2A1,MAML2,TET2,TAS2R30,DDIT3,SERPINA3,PECAM1,ABCB1,NCAM1,CCNA2,TCF7L2,ZFHX3,TPM4,LZTR1,B2M,MTUS2,MYD88	5.25e-09	3.02e-06	Disease of cellular proliferation
DISEASES	DOID:162	84	978	9606	9606.ENSP00000167586,9606.ENSP00000199764,9606.ENSP00000215909,9606.ENSP00000216492,9606.ENSP00000221930,9606.ENSP00000225964,9606.ENSP00000229307,9606.ENSP00000231449,9606.ENSP00000232905,9606.ENSP00000234739,9606.ENSP00000247470,9606.ENSP00000249373,9606.ENSP00000250092,9606.ENSP00000252242,9606.ENSP00000252486,9606.ENSP00000254066,9606.ENSP00000256078,9606.ENSP00000261799,9606.ENSP00000262367,9606.ENSP00000263341,9606.ENSP00000263464,9606.ENSP00000263734,9606.ENSP00000264674,9606.ENSP00000268679,9606.ENSP00000274376,9606.ENSP00000274498,9606.ENSP00000275493,9606.ENSP00000283928,9606.ENSP00000287842,9606.ENSP00000291442,9606.ENSP00000297261,9606.ENSP00000300060,9606.ENSP00000304956,9606.ENSP00000306245,9606.ENSP00000307508,9606.ENSP00000313391,9606.ENSP00000314480,9606.ENSP00000317272,9606.ENSP00000326581,9606.ENSP00000329243,9606.ENSP00000331614,9606.ENSP00000336752,9606.ENSP00000340278,9606.ENSP00000340507,9606.ENSP00000347088,9606.ENSP00000350195,9606.ENSP00000350425,9606.ENSP00000350844,9606.ENSP00000351273,9606.ENSP00000351777,9606.ENSP00000353344,9606.ENSP00000356331,9606.ENSP00000357721,9606.ENSP00000357917,9606.ENSP00000363330,9606.ENSP00000365012,9606.ENSP00000370034,9606.ENSP00000376436,9606.ENSP00000376475,9606.ENSP00000380070,9606.ENSP00000381185,9606.ENSP00000383053,9606.ENSP00000383931,9606.ENSP00000384849,9606.ENSP00000386884,9606.ENSP00000399168,9606.ENSP00000402257,9606.ENSP00000405330,9606.ENSP00000412237,9606.ENSP00000434552,9606.ENSP00000442788,9606.ENSP00000444736,9606.ENSP00000448665,9606.ENSP00000450540,9606.ENSP00000457421,9606.ENSP00000478255,9606.ENSP00000480132,9606.ENSP00000481380,9606.ENSP00000486891,9606.ENSP00000493252,9606.ENSP00000494125,9606.ENSP00000497910,9606.ENSP00000498251,9606.ENSP00000498321	KRT14,CEACAM6,LGALS1,CHGA,TGFB1,COL1A1,NANOG,IL4,EIF1B,BCL9,PYCARD,SMO,CD68,KRT5,APOE,RARA,KRAS,PDGFRB,CREBBP,IL1B,BIRC3,EPAS1,MECOM,CBFA2T3,RASA1,ARHGAP26,EGFR,JAZF1,NRG1,NR2F6,SHH,ANPEP,MN1,FOS,CALB2,DAB2,UNCX,MET,PEG3,KRT7,IKZF1,FIP1L1,PARK7,TRIM24,LARGE1,MAP3K6,APOA4,PAX5,CASP8,VCP,ETS2,NR5A2,S100A8,MLLT11,CD52,HCK,TLR7,ETS1,PRKAR1A,GAPDH,BCL2,EPHB2,GP5,CDKN1A,CXCR4,HLA-B,RUNX1T1,ESR1,IL10,MAML2,TET2,TAS2R30,DDIT3,SERPINA3,PECAM1,ABCB1,NCAM1,CCNA2,TCF7L2,ZFHX3,TPM4,B2M,MTUS2,MYD88	5.25e-08	2.68e-05	Cancer
DISEASES	DOID:2914	63	675	9606	9606.ENSP00000167586,9606.ENSP00000205948,9606.ENSP00000215754,9606.ENSP00000216274,9606.ENSP00000225655,9606.ENSP00000228606,9606.ENSP00000231449,9606.ENSP00000245907,9606.ENSP00000249071,9606.ENSP00000250092,9606.ENSP00000252242,9606.ENSP00000252486,9606.ENSP00000256078,9606.ENSP00000257787,9606.ENSP00000259206,9606.ENSP00000262345,9606.ENSP00000263341,9606.ENSP00000263464,9606.ENSP00000264690,9606.ENSP00000271450,9606.ENSP00000300692,9606.ENSP00000302324,9606.ENSP00000306157,9606.ENSP00000307959,9606.ENSP00000308541,9606.ENSP00000320509,9606.ENSP00000330959,9606.ENSP00000331614,9606.ENSP00000338413,9606.ENSP00000341815,9606.ENSP00000346839,9606.ENSP00000348472,9606.ENSP00000348888,9606.ENSP00000350844,9606.ENSP00000351273,9606.ENSP00000352798,9606.ENSP00000363330,9606.ENSP00000364163,9606.ENSP00000369129,9606.ENSP00000370034,9606.ENSP00000375653,9606.ENSP00000378131,9606.ENSP00000378786,9606.ENSP00000379140,9606.ENSP00000381185,9606.ENSP00000386444,9606.ENSP00000386884,9606.ENSP00000389631,9606.ENSP00000399168,9606.ENSP00000403495,9606.ENSP00000412237,9606.ENSP00000415941,9606.ENSP00000440066,9606.ENSP00000442788,9606.ENSP00000457421,9606.ENSP00000478255,9606.ENSP00000480132,9606.ENSP00000481570,9606.ENSP00000482169,9606.ENSP00000482457,9606.ENSP00000493985,9606.ENSP00000497910,9606.ENSP00000498321	KRT14,APOH,MIF,RIPK3,PFN1,CYP27B1,IL4,C3,RAC2,CD68,KRT5,APOE,KRAS,AKIRIN2,IL1RN,IL12RB2,IL1B,BIRC3,KLKB1,FCGR2A,CD3D,RNASE3,IL7R,DST,F2,BANK1,IL1R2,IKZF1,UBA1,SOX18,FN1,PXK,PIGR,PAX5,CASP8,COL18A1,CD52,NOTCH4,DSP,TLR7,NLRP12,CFI,HLA-DRA,CXCL12,BCL2,SAG,CXCR4,ARPC1B,HLA-B,LTA,IL10,C4B,JCHAIN,TET2,PECAM1,ABCB1,NCAM1,TNFAIP3,NEFL,PLCG2,KNG1,B2M,MYD88	1.95e-07	8.97e-05	Immune system disease
DISEASES	DOID:0050686	68	757	9606	9606.ENSP00000167586,9606.ENSP00000215909,9606.ENSP00000216492,9606.ENSP00000221930,9606.ENSP00000225964,9606.ENSP00000231449,9606.ENSP00000232905,9606.ENSP00000249373,9606.ENSP00000250092,9606.ENSP00000252242,9606.ENSP00000252486,9606.ENSP00000254066,9606.ENSP00000256078,9606.ENSP00000261799,9606.ENSP00000262367,9606.ENSP00000263341,9606.ENSP00000263464,9606.ENSP00000263734,9606.ENSP00000268679,9606.ENSP00000274376,9606.ENSP00000275493,9606.ENSP00000283928,9606.ENSP00000287842,9606.ENSP00000291442,9606.ENSP00000297261,9606.ENSP00000300060,9606.ENSP00000304956,9606.ENSP00000307508,9606.ENSP00000314480,9606.ENSP00000317272,9606.ENSP00000326581,9606.ENSP00000329243,9606.ENSP00000331614,9606.ENSP00000336752,9606.ENSP00000347088,9606.ENSP00000350195,9606.ENSP00000350425,9606.ENSP00000350844,9606.ENSP00000351273,9606.ENSP00000351777,9606.ENSP00000356331,9606.ENSP00000357721,9606.ENSP00000363330,9606.ENSP00000365012,9606.ENSP00000370034,9606.ENSP00000376475,9606.ENSP00000380070,9606.ENSP00000381185,9606.ENSP00000383053,9606.ENSP00000383931,9606.ENSP00000384849,9606.ENSP00000386884,9606.ENSP00000399168,9606.ENSP00000402257,9606.ENSP00000405330,9606.ENSP00000412237,9606.ENSP00000442788,9606.ENSP00000444736,9606.ENSP00000450540,9606.ENSP00000457421,9606.ENSP00000478255,9606.ENSP00000480132,9606.ENSP00000481380,9606.ENSP00000486891,9606.ENSP00000493252,9606.ENSP00000497910,9606.ENSP00000498251,9606.ENSP00000498321	KRT14,LGALS1,CHGA,TGFB1,COL1A1,IL4,EIF1B,SMO,CD68,KRT5,APOE,RARA,KRAS,PDGFRB,CREBBP,IL1B,BIRC3,EPAS1,CBFA2T3,RASA1,EGFR,JAZF1,NRG1,NR2F6,SHH,ANPEP,MN1,CALB2,UNCX,MET,PEG3,KRT7,IKZF1,FIP1L1,LARGE1,MAP3K6,APOA4,PAX5,CASP8,VCP,NR5A2,S100A8,CD52,HCK,TLR7,PRKAR1A,GAPDH,BCL2,EPHB2,GP5,CDKN1A,CXCR4,HLA-B,RUNX1T1,ESR1,IL10,TET2,TAS2R30,SERPINA3,PECAM1,ABCB1,NCAM1,CCNA2,TCF7L2,ZFHX3,B2M,MTUS2,MYD88	2.35e-07	9.82e-05	Organ system cancer
DISEASES	DOID:17	90	1154	9606	9606.ENSP00000029410,9606.ENSP00000215754,9606.ENSP00000215882,9606.ENSP00000219070,9606.ENSP00000221930,9606.ENSP00000225964,9606.ENSP00000228606,9606.ENSP00000229379,9606.ENSP00000231061,9606.ENSP00000231449,9606.ENSP00000238156,9606.ENSP00000242480,9606.ENSP00000246672,9606.ENSP00000250092,9606.ENSP00000252486,9606.ENSP00000252744,9606.ENSP00000255136,9606.ENSP00000256646,9606.ENSP00000259206,9606.ENSP00000261799,9606.ENSP00000262177,9606.ENSP00000263341,9606.ENSP00000271450,9606.ENSP00000280551,9606.ENSP00000282903,9606.ENSP00000282928,9606.ENSP00000284268,9606.ENSP00000297261,9606.ENSP00000301945,9606.ENSP00000304408,9606.ENSP00000307508,9606.ENSP00000307959,9606.ENSP00000311833,9606.ENSP00000320509,9606.ENSP00000323901,9606.ENSP00000323929,9606.ENSP00000325146,9606.ENSP00000325527,9606.ENSP00000326888,9606.ENSP00000330959,9606.ENSP00000337168,9606.ENSP00000338413,9606.ENSP00000344432,9606.ENSP00000345997,9606.ENSP00000347088,9606.ENSP00000348472,9606.ENSP00000349860,9606.ENSP00000351777,9606.ENSP00000351807,9606.ENSP00000352516,9606.ENSP00000352798,9606.ENSP00000355559,9606.ENSP00000356224,9606.ENSP00000356515,9606.ENSP00000361405,9606.ENSP00000363973,9606.ENSP00000364163,9606.ENSP00000368104,9606.ENSP00000369129,9606.ENSP00000370990,9606.ENSP00000376475,9606.ENSP00000378757,9606.ENSP00000378786,9606.ENSP00000379258,9606.ENSP00000381148,9606.ENSP00000383364,9606.ENSP00000386881,9606.ENSP00000388723,9606.ENSP00000393312,9606.ENSP00000399168,9606.ENSP00000401437,9606.ENSP00000403495,9606.ENSP00000405330,9606.ENSP00000408411,9606.ENSP00000409126,9606.ENSP00000412237,9606.ENSP00000415941,9606.ENSP00000416293,9606.ENSP00000435712,9606.ENSP00000440066,9606.ENSP00000444271,9606.ENSP00000450540,9606.ENSP00000452120,9606.ENSP00000457421,9606.ENSP00000481570,9606.ENSP00000482169,9606.ENSP00000497069,9606.ENSP00000497910,9606.ENSP00000498116,9606.ENSP00000498217	B4GALT7,MIF,SLC25A1,MMP2,TGFB1,COL1A1,CYP27B1,COX6A1,SPARC,IL4,CCDC92,EGR2,NR1D1,CD68,APOE,ZSWIM6,PABPC1L,NOTCH2,IL1RN,PDGFRB,DNAJB6,IL1B,FCGR2A,SEC24D,PLOD2,ZIC1,ANKH,SHH,ANTXR1,COL3A1,CALB2,DST,SLC37A2,BANK1,FZD2,A2M,COL12A1,FBN1,LIMS2,IL1R2,EPB41L1,UBA1,DOK7,DMPK,LARGE1,PXK,GFPT1,VCP,ELN,DNMT1,COL18A1,B3GALNT2,SYNE1,UTRN,MMP9,ALPL,NOTCH4,BMP2,DSP,SHOX,PRKAR1A,SLC16A9,HLA-DRA,GLI3,CTDSP2,PLA2G2A,DYSF,KBTBD13,FGFR1,HLA-B,LDB3,LTA,ESR1,LAMP2,ANO6,IL10,C4B,SLC2A1,GATA4,JCHAIN,C1R,SERPINA3,ITGA7,PECAM1,TNFAIP3,NEFL,IGF1R,B2M,DLX5,ALX4	9.09e-07	0.00035	Musculoskeletal system disease
DISEASES	DOID:630	230	3778	9606	9606.ENSP00000020945,9606.ENSP00000026218,9606.ENSP00000029410,9606.ENSP00000035307,9606.ENSP00000167586,9606.ENSP00000168216,9606.ENSP00000215727,9606.ENSP00000215882,9606.ENSP00000216274,9606.ENSP00000217426,9606.ENSP00000219281,9606.ENSP00000221930,9606.ENSP00000225964,9606.ENSP00000226760,9606.ENSP00000228606,9606.ENSP00000229270,9606.ENSP00000229379,9606.ENSP00000231751,9606.ENSP00000233242,9606.ENSP00000234739,9606.ENSP00000240306,9606.ENSP00000241052,9606.ENSP00000242480,9606.ENSP00000244769,9606.ENSP00000245907,9606.ENSP00000249071,9606.ENSP00000249373,9606.ENSP00000250092,9606.ENSP00000251595,9606.ENSP00000252242,9606.ENSP00000252252,9606.ENSP00000252486,9606.ENSP00000252744,9606.ENSP00000253122,9606.ENSP00000256078,9606.ENSP00000256447,9606.ENSP00000256646,9606.ENSP00000257264,9606.ENSP00000257570,9606.ENSP00000258145,9606.ENSP00000260731,9606.ENSP00000261024,9606.ENSP00000261267,9606.ENSP00000261647,9606.ENSP00000262177,9606.ENSP00000262367,9606.ENSP00000263341,9606.ENSP00000263388,9606.ENSP00000263734,9606.ENSP00000264170,9606.ENSP00000264690,9606.ENSP00000265077,9606.ENSP00000265969,9606.ENSP00000266031,9606.ENSP00000266376,9606.ENSP00000269097,9606.ENSP00000269228,9606.ENSP00000274276,9606.ENSP00000274376,9606.ENSP00000276390,9606.ENSP00000279488,9606.ENSP00000280236,9606.ENSP00000280551,9606.ENSP00000282272,9606.ENSP00000284268,9606.ENSP00000284981,9606.ENSP00000290167,9606.ENSP00000290541,9606.ENSP00000291554,9606.ENSP00000292246,9606.ENSP00000295095,9606.ENSP00000297261,9606.ENSP00000299084,9606.ENSP00000299155,9606.ENSP00000300692,9606.ENSP00000300900,9606.ENSP00000301653,9606.ENSP00000301945,9606.ENSP00000304408,9606.ENSP00000306099,9606.ENSP00000307959,9606.ENSP00000308541,9606.ENSP00000308782,9606.ENSP00000309591,9606.ENSP00000310861,9606.ENSP00000311449,9606.ENSP00000312150,9606.ENSP00000313391,9606.ENSP00000313504,9606.ENSP00000313967,9606.ENSP00000315130,9606.ENSP00000317379,9606.ENSP00000323901,9606.ENSP00000325527,9606.ENSP00000326305,9606.ENSP00000326888,9606.ENSP00000328269,9606.ENSP00000328364,9606.ENSP00000330101,9606.ENSP00000331614,9606.ENSP00000337443,9606.ENSP00000338413,9606.ENSP00000340278,9606.ENSP00000341815,9606.ENSP00000344432,9606.ENSP00000345997,9606.ENSP00000347088,9606.ENSP00000348888,9606.ENSP00000349446,9606.ENSP00000349588,9606.ENSP00000350195,9606.ENSP00000350260,9606.ENSP00000350425,9606.ENSP00000351059,9606.ENSP00000351273,9606.ENSP00000351777,9606.ENSP00000351807,9606.ENSP00000352516,9606.ENSP00000353422,9606.ENSP00000353654,9606.ENSP00000354111,9606.ENSP00000355387,9606.ENSP00000355470,9606.ENSP00000355559,9606.ENSP00000355922,9606.ENSP00000356224,9606.ENSP00000356515,9606.ENSP00000356771,9606.ENSP00000359319,9606.ENSP00000360502,9606.ENSP00000360645,9606.ENSP00000362285,9606.ENSP00000362413,9606.ENSP00000362734,9606.ENSP00000362924,9606.ENSP00000363123,9606.ENSP00000363973,9606.ENSP00000366416,9606.ENSP00000366525,9606.ENSP00000366997,9606.ENSP00000367123,9606.ENSP00000367615,9606.ENSP00000368572,9606.ENSP00000369129,9606.ENSP00000369317,9606.ENSP00000370034,9606.ENSP00000370990,9606.ENSP00000373574,9606.ENSP00000375653,9606.ENSP00000376306,9606.ENSP00000376436,9606.ENSP00000376475,9606.ENSP00000376637,9606.ENSP00000377192,9606.ENSP00000377783,9606.ENSP00000378131,9606.ENSP00000379140,9606.ENSP00000379258,9606.ENSP00000379496,9606.ENSP00000380666,9606.ENSP00000380690,9606.ENSP00000381148,9606.ENSP00000381448,9606.ENSP00000381492,9606.ENSP00000383382,9606.ENSP00000384367,9606.ENSP00000384957,9606.ENSP00000386331,9606.ENSP00000386881,9606.ENSP00000386884,9606.ENSP00000388723,9606.ENSP00000389631,9606.ENSP00000389998,9606.ENSP00000391090,9606.ENSP00000392423,9606.ENSP00000393312,9606.ENSP00000396843,9606.ENSP00000399679,9606.ENSP00000401437,9606.ENSP00000402760,9606.ENSP00000403441,9606.ENSP00000405330,9606.ENSP00000408411,9606.ENSP00000409126,9606.ENSP00000414303,9606.ENSP00000416066,9606.ENSP00000416293,9606.ENSP00000416330,9606.ENSP00000432568,9606.ENSP00000435712,9606.ENSP00000437659,9606.ENSP00000440066,9606.ENSP00000442050,9606.ENSP00000446576,9606.ENSP00000450540,9606.ENSP00000452120,9606.ENSP00000452877,9606.ENSP00000454071,9606.ENSP00000462337,9606.ENSP00000476176,9606.ENSP00000478255,9606.ENSP00000478561,9606.ENSP00000481029,9606.ENSP00000481570,9606.ENSP00000482169,9606.ENSP00000482457,9606.ENSP00000483872,9606.ENSP00000486291,9606.ENSP00000486891,9606.ENSP00000492024,9606.ENSP00000493153,9606.ENSP00000493985,9606.ENSP00000494175,9606.ENSP00000494678,9606.ENSP00000494697,9606.ENSP00000495061,9606.ENSP00000495385,9606.ENSP00000496166,9606.ENSP00000496250,9606.ENSP00000496699,9606.ENSP00000496779,9606.ENSP00000497910,9606.ENSP00000498116,9606.ENSP00000498217,9606.ENSP00000498321,9606.ENSP00000498358,9606.ENSP00000498441,9606.ENSP00000498786,9606.ENSP00000499695,9606.ENSP00000500990	SNAI2,PIGQ,B4GALT7,CHPF2,KRT14,HSD17B10,SERPIND1,SLC25A1,RIPK3,AHCY,USB1,TGFB1,COL1A1,WFS1,CYP27B1,TPI1,COX6A1,LTF,APOB,BCL9,DLX4,CAT,EGR2,ATXN1,C3,RAC2,SMO,CD68,HBA2,KRT5,KRT6B,APOE,ZSWIM6,SLC6A8,KRAS,CD180,NOTCH2,TCN1,OASL,GNS,KIF11,SLC40A1,LYZ,TTC19,DNAJB6,CREBBP,IL1B,NOTCH3,EPAS1,KYNU,KLKB1,VCAN,KCNC1,HYAL1,CACNA1C,G6PC3,NPC1,OSMR,RASA1,ATP6V1B2,DUSP6,FSIP1,SEC24D,ANKRD44,ANKH,APP,WNT4,PSMB4,CRYAA,ANO10,ARHGAP15,SHH,SPRED1,AMN,CD3D,CA4,KRT16,ANTXR1,COL3A1,FGB,DST,F2,GP6,PRKACA,KRT2,RAB6A,TRIB1,DAB2,PHKB,C1QB,CLU,GLS,FZD2,FBN1,SLC25A20,LIMS2,HMG20B,MAFA,KRT76,IKZF1,NXN,UBA1,PARK7,SOX18,DOK7,DMPK,LARGE1,PIGR,ARG1,ANK2,MAP3K6,FAM219B,APOA4,CX3CR1,CASP8,VCP,ELN,DNMT1,VPS13A,COL4A2,DNAJC5,SCAMP5,CNST,B3GALNT2,CENPF,SYNE1,UTRN,F5,PAX2,PDE6C,MAN1B1,SLC29A3,PGK1,CRB2,GSN,AHDC1,ALPL,EDNRB,FTL,DIS3,SLC3A2,APRT,SAT1,DSP,KRT6A,TLR7,SHOX,ACVRL1,NLRP12,CIT,ETS1,PRKAR1A,IGF1,G6PD,PROS1,CFI,CXCL12,GLI3,PDE1C,SLC7A7,BICDL1,CTDSP2,CST3,LAT2,GP1BB,KCTD1,F11,MYO7A,DYSF,CXCR4,KBTBD13,ARPC1B,TMEM67,CHEK1,RELN,FGFR1,NFIC,PRG4,LDB3,SLC22A5,ZNF30,ESR1,LAMP2,ANO6,BDNF,SERPINA1,SLC2A1,TGFBI,SPTBN2,GATA4,PHC1,JCHAIN,PCYT2,ATXN2,SERPINA3,ITGA7,ZNF592,LDLR,VEZF1,SLC37A4,ABCB1,CYP1B1,PSMC3,TNFAIP3,NEFL,PLCG2,TSPAN33,SUGCT,TCF7L2,PAX6,PPT1,KNG1,HBB,TBC1D24,RPL9,PITX2,SLC19A3,ALDOA,RPL11,CHAMP1,LZTR1,B2M,DLX5,ALX4,MYD88,FECH,FGA,HMBS,UCP2,SNCA	1.04e-06	0.00037	Genetic disease
DISEASES	DOID:0050739	179	2802	9606	9606.ENSP00000020945,9606.ENSP00000026218,9606.ENSP00000029410,9606.ENSP00000035307,9606.ENSP00000167586,9606.ENSP00000215727,9606.ENSP00000215882,9606.ENSP00000216274,9606.ENSP00000219281,9606.ENSP00000225964,9606.ENSP00000226760,9606.ENSP00000228606,9606.ENSP00000229379,9606.ENSP00000231751,9606.ENSP00000233242,9606.ENSP00000240306,9606.ENSP00000242480,9606.ENSP00000244769,9606.ENSP00000245907,9606.ENSP00000249071,9606.ENSP00000249373,9606.ENSP00000251595,9606.ENSP00000252242,9606.ENSP00000252252,9606.ENSP00000252486,9606.ENSP00000252744,9606.ENSP00000253122,9606.ENSP00000256447,9606.ENSP00000256646,9606.ENSP00000257570,9606.ENSP00000258145,9606.ENSP00000260731,9606.ENSP00000261267,9606.ENSP00000262177,9606.ENSP00000262367,9606.ENSP00000263341,9606.ENSP00000263388,9606.ENSP00000263734,9606.ENSP00000264170,9606.ENSP00000264690,9606.ENSP00000265969,9606.ENSP00000266376,9606.ENSP00000269097,9606.ENSP00000269228,9606.ENSP00000274376,9606.ENSP00000276390,9606.ENSP00000282272,9606.ENSP00000284268,9606.ENSP00000284981,9606.ENSP00000290167,9606.ENSP00000290541,9606.ENSP00000292246,9606.ENSP00000295095,9606.ENSP00000297261,9606.ENSP00000299084,9606.ENSP00000300692,9606.ENSP00000300900,9606.ENSP00000301653,9606.ENSP00000301945,9606.ENSP00000304408,9606.ENSP00000306099,9606.ENSP00000307959,9606.ENSP00000308541,9606.ENSP00000308782,9606.ENSP00000309591,9606.ENSP00000310861,9606.ENSP00000311449,9606.ENSP00000315130,9606.ENSP00000323901,9606.ENSP00000325527,9606.ENSP00000326305,9606.ENSP00000326888,9606.ENSP00000328269,9606.ENSP00000330101,9606.ENSP00000331614,9606.ENSP00000337443,9606.ENSP00000340278,9606.ENSP00000341815,9606.ENSP00000344432,9606.ENSP00000347088,9606.ENSP00000348888,9606.ENSP00000349588,9606.ENSP00000350195,9606.ENSP00000350260,9606.ENSP00000350425,9606.ENSP00000351059,9606.ENSP00000351273,9606.ENSP00000351777,9606.ENSP00000351807,9606.ENSP00000352516,9606.ENSP00000353422,9606.ENSP00000353654,9606.ENSP00000354111,9606.ENSP00000355387,9606.ENSP00000355470,9606.ENSP00000355559,9606.ENSP00000356224,9606.ENSP00000356771,9606.ENSP00000359319,9606.ENSP00000360502,9606.ENSP00000360645,9606.ENSP00000362285,9606.ENSP00000362734,9606.ENSP00000362924,9606.ENSP00000363123,9606.ENSP00000363973,9606.ENSP00000366416,9606.ENSP00000366525,9606.ENSP00000366997,9606.ENSP00000367615,9606.ENSP00000368572,9606.ENSP00000369129,9606.ENSP00000369317,9606.ENSP00000370990,9606.ENSP00000373574,9606.ENSP00000375653,9606.ENSP00000376306,9606.ENSP00000376475,9606.ENSP00000376637,9606.ENSP00000378131,9606.ENSP00000379140,9606.ENSP00000379258,9606.ENSP00000379496,9606.ENSP00000380690,9606.ENSP00000381148,9606.ENSP00000381448,9606.ENSP00000381492,9606.ENSP00000383382,9606.ENSP00000384367,9606.ENSP00000384957,9606.ENSP00000386331,9606.ENSP00000386881,9606.ENSP00000386884,9606.ENSP00000388723,9606.ENSP00000389631,9606.ENSP00000389998,9606.ENSP00000391090,9606.ENSP00000392423,9606.ENSP00000393312,9606.ENSP00000396843,9606.ENSP00000399679,9606.ENSP00000401437,9606.ENSP00000403441,9606.ENSP00000405330,9606.ENSP00000409126,9606.ENSP00000416066,9606.ENSP00000416293,9606.ENSP00000416330,9606.ENSP00000432568,9606.ENSP00000435712,9606.ENSP00000437659,9606.ENSP00000440066,9606.ENSP00000442050,9606.ENSP00000446576,9606.ENSP00000450540,9606.ENSP00000452120,9606.ENSP00000452877,9606.ENSP00000462337,9606.ENSP00000476176,9606.ENSP00000478561,9606.ENSP00000481570,9606.ENSP00000482169,9606.ENSP00000482457,9606.ENSP00000486291,9606.ENSP00000492024,9606.ENSP00000493153,9606.ENSP00000493985,9606.ENSP00000494175,9606.ENSP00000494678,9606.ENSP00000494697,9606.ENSP00000495061,9606.ENSP00000495385,9606.ENSP00000496250,9606.ENSP00000496699,9606.ENSP00000497910,9606.ENSP00000498116,9606.ENSP00000498217,9606.ENSP00000498441,9606.ENSP00000500990	SNAI2,PIGQ,B4GALT7,CHPF2,KRT14,SERPIND1,SLC25A1,RIPK3,USB1,COL1A1,WFS1,CYP27B1,COX6A1,LTF,APOB,DLX4,EGR2,ATXN1,C3,RAC2,SMO,HBA2,KRT5,KRT6B,APOE,ZSWIM6,SLC6A8,CD180,NOTCH2,OASL,GNS,KIF11,LYZ,DNAJB6,CREBBP,IL1B,NOTCH3,EPAS1,KYNU,KLKB1,KCNC1,CACNA1C,G6PC3,NPC1,RASA1,ATP6V1B2,ANKRD44,ANKH,APP,WNT4,PSMB4,ANO10,ARHGAP15,SHH,SPRED1,CD3D,CA4,KRT16,ANTXR1,COL3A1,FGB,DST,F2,GP6,PRKACA,KRT2,RAB6A,CLU,FZD2,FBN1,SLC25A20,LIMS2,HMG20B,KRT76,IKZF1,NXN,PARK7,SOX18,DOK7,LARGE1,PIGR,ANK2,MAP3K6,FAM219B,APOA4,CX3CR1,CASP8,VCP,ELN,DNMT1,VPS13A,COL4A2,DNAJC5,SCAMP5,CNST,B3GALNT2,SYNE1,F5,PAX2,PDE6C,MAN1B1,SLC29A3,CRB2,GSN,AHDC1,ALPL,EDNRB,FTL,DIS3,APRT,SAT1,DSP,KRT6A,SHOX,ACVRL1,NLRP12,CIT,PRKAR1A,IGF1,CFI,CXCL12,GLI3,PDE1C,BICDL1,CTDSP2,CST3,LAT2,GP1BB,KCTD1,F11,MYO7A,DYSF,CXCR4,KBTBD13,ARPC1B,TMEM67,CHEK1,RELN,FGFR1,NFIC,PRG4,LDB3,ZNF30,ESR1,ANO6,SERPINA1,SLC2A1,TGFBI,SPTBN2,GATA4,PHC1,JCHAIN,PCYT2,ATXN2,SERPINA3,ITGA7,ZNF592,VEZF1,SLC37A4,CYP1B1,TNFAIP3,NEFL,PLCG2,SUGCT,PAX6,PPT1,KNG1,HBB,TBC1D24,RPL9,PITX2,SLC19A3,RPL11,CHAMP1,B2M,DLX5,ALX4,FGA,SNCA	1.56e-06	0.00051	Autosomal genetic disease
DISEASES	DOID:0050117	39	368	9606	9606.ENSP00000228606,9606.ENSP00000229270,9606.ENSP00000230990,9606.ENSP00000231449,9606.ENSP00000234111,9606.ENSP00000245907,9606.ENSP00000252486,9606.ENSP00000263341,9606.ENSP00000267569,9606.ENSP00000284981,9606.ENSP00000296456,9606.ENSP00000299663,9606.ENSP00000301945,9606.ENSP00000302324,9606.ENSP00000302569,9606.ENSP00000308541,9606.ENSP00000313967,9606.ENSP00000317674,9606.ENSP00000335029,9606.ENSP00000362108,9606.ENSP00000363330,9606.ENSP00000363770,9606.ENSP00000366416,9606.ENSP00000366525,9606.ENSP00000368572,9606.ENSP00000370034,9606.ENSP00000377192,9606.ENSP00000379287,9606.ENSP00000383364,9606.ENSP00000383931,9606.ENSP00000386884,9606.ENSP00000399168,9606.ENSP00000403495,9606.ENSP00000412237,9606.ENSP00000422464,9606.ENSP00000441828,9606.ENSP00000454071,9606.ENSP00000473686,9606.ENSP00000500990	CYP27B1,TPI1,HBEGF,IL4,ODC1,C3,APOE,IL1B,JDP2,APP,APEH,CLEC4E,ANTXR1,RNASE3,CLEC7A,F2,C1QB,APOL1,RASA3,LCN2,CD52,C1QC,EDNRB,FTL,SAT1,TLR7,G6PD,YWHAZ,PLA2G2A,GP5,CXCR4,HLA-B,LTA,IL10,PDGFC,HPR,LDLR,MTRNR2L6,SNCA	2.93e-06	0.0009	Disease by infectious agent
DISEASES	DOID:331	90	1199	9606	9606.ENSP00000026218,9606.ENSP00000168216,9606.ENSP00000215882,9606.ENSP00000216452,9606.ENSP00000225655,9606.ENSP00000228606,9606.ENSP00000229379,9606.ENSP00000231449,9606.ENSP00000242480,9606.ENSP00000244769,9606.ENSP00000245907,9606.ENSP00000249373,9606.ENSP00000250092,9606.ENSP00000252486,9606.ENSP00000260408,9606.ENSP00000263341,9606.ENSP00000263388,9606.ENSP00000265969,9606.ENSP00000267569,9606.ENSP00000270142,9606.ENSP00000272369,9606.ENSP00000275493,9606.ENSP00000282272,9606.ENSP00000282928,9606.ENSP00000284981,9606.ENSP00000286628,9606.ENSP00000292246,9606.ENSP00000297261,9606.ENSP00000298910,9606.ENSP00000300900,9606.ENSP00000304956,9606.ENSP00000306157,9606.ENSP00000307342,9606.ENSP00000307959,9606.ENSP00000308541,9606.ENSP00000310375,9606.ENSP00000313967,9606.ENSP00000315130,9606.ENSP00000317379,9606.ENSP00000323929,9606.ENSP00000338413,9606.ENSP00000338785,9606.ENSP00000340278,9606.ENSP00000343200,9606.ENSP00000345672,9606.ENSP00000351777,9606.ENSP00000352516,9606.ENSP00000353422,9606.ENSP00000353654,9606.ENSP00000354111,9606.ENSP00000356224,9606.ENSP00000356545,9606.ENSP00000356607,9606.ENSP00000361405,9606.ENSP00000363330,9606.ENSP00000363770,9606.ENSP00000365227,9606.ENSP00000366525,9606.ENSP00000373574,9606.ENSP00000376367,9606.ENSP00000379287,9606.ENSP00000380690,9606.ENSP00000381185,9606.ENSP00000381448,9606.ENSP00000389998,9606.ENSP00000391090,9606.ENSP00000391481,9606.ENSP00000392423,9606.ENSP00000393312,9606.ENSP00000396198,9606.ENSP00000412237,9606.ENSP00000414303,9606.ENSP00000416066,9606.ENSP00000416293,9606.ENSP00000417175,9606.ENSP00000432568,9606.ENSP00000442050,9606.ENSP00000446576,9606.ENSP00000450540,9606.ENSP00000452877,9606.ENSP00000482169,9606.ENSP00000483872,9606.ENSP00000484687,9606.ENSP00000486291,9606.ENSP00000493153,9606.ENSP00000494678,9606.ENSP00000495385,9606.ENSP00000497160,9606.ENSP00000498321,9606.ENSP00000500990	PIGQ,HSD17B10,SLC25A1,PIGH,PFN1,CYP27B1,COX6A1,IL4,EGR2,ATXN1,C3,SMO,CD68,APOE,ADAM10,IL1B,NOTCH3,KCNC1,JDP2,SOD1,MEIS1,EGFR,ANKRD44,ZIC1,APP,KCNMA1,ANO10,SHH,LRRK2,CA4,MN1,IL7R,HCN1,DST,F2,MLC1,C1QB,CLU,GLS,A2M,UBA1,STARD13,PARK7,SKOR1,CTSB,VCP,DNMT1,VPS13A,COL4A2,DNAJC5,SYNE1,CACNA1E,RALGPS2,MMP9,CD52,C1QC,AIF1,FTL,ACVRL1,WASF1,YWHAZ,BICDL1,BCL2,CST3,TMEM67,CHEK1,TKT,RELN,FGFR1,FGF13,IL10,BDNF,SERPINA1,SLC2A1,VAPB,SPTBN2,PCYT2,ATXN2,SERPINA3,ZNF592,NEFL,TSPAN33,ZNHIT3,SUGCT,PPT1,TBC1D24,SLC19A3,EIF2B5,MYD88,SNCA	3.94e-06	0.0011	Central nervous system disease
DISEASES	DOID:0050177	200	3266	9606	9606.ENSP00000020945,9606.ENSP00000026218,9606.ENSP00000029410,9606.ENSP00000035307,9606.ENSP00000167586,9606.ENSP00000168216,9606.ENSP00000215727,9606.ENSP00000215882,9606.ENSP00000216274,9606.ENSP00000219281,9606.ENSP00000221930,9606.ENSP00000225964,9606.ENSP00000226760,9606.ENSP00000228606,9606.ENSP00000229379,9606.ENSP00000231751,9606.ENSP00000233242,9606.ENSP00000240306,9606.ENSP00000242480,9606.ENSP00000244769,9606.ENSP00000245907,9606.ENSP00000249071,9606.ENSP00000249373,9606.ENSP00000251595,9606.ENSP00000252242,9606.ENSP00000252252,9606.ENSP00000252486,9606.ENSP00000252744,9606.ENSP00000253122,9606.ENSP00000256078,9606.ENSP00000256447,9606.ENSP00000256646,9606.ENSP00000257570,9606.ENSP00000258145,9606.ENSP00000260731,9606.ENSP00000261267,9606.ENSP00000262177,9606.ENSP00000262367,9606.ENSP00000263341,9606.ENSP00000263388,9606.ENSP00000263734,9606.ENSP00000264170,9606.ENSP00000264690,9606.ENSP00000265077,9606.ENSP00000265969,9606.ENSP00000266376,9606.ENSP00000269097,9606.ENSP00000269228,9606.ENSP00000274376,9606.ENSP00000276390,9606.ENSP00000280236,9606.ENSP00000280551,9606.ENSP00000282272,9606.ENSP00000284268,9606.ENSP00000284981,9606.ENSP00000290167,9606.ENSP00000290541,9606.ENSP00000291554,9606.ENSP00000292246,9606.ENSP00000295095,9606.ENSP00000297261,9606.ENSP00000299084,9606.ENSP00000300692,9606.ENSP00000300900,9606.ENSP00000301653,9606.ENSP00000301945,9606.ENSP00000304408,9606.ENSP00000306099,9606.ENSP00000307959,9606.ENSP00000308541,9606.ENSP00000308782,9606.ENSP00000309591,9606.ENSP00000310861,9606.ENSP00000311449,9606.ENSP00000313504,9606.ENSP00000315130,9606.ENSP00000317379,9606.ENSP00000323901,9606.ENSP00000325527,9606.ENSP00000326305,9606.ENSP00000326888,9606.ENSP00000328269,9606.ENSP00000330101,9606.ENSP00000331614,9606.ENSP00000337443,9606.ENSP00000338413,9606.ENSP00000340278,9606.ENSP00000341815,9606.ENSP00000344432,9606.ENSP00000345997,9606.ENSP00000347088,9606.ENSP00000348888,9606.ENSP00000349588,9606.ENSP00000350195,9606.ENSP00000350260,9606.ENSP00000350425,9606.ENSP00000351059,9606.ENSP00000351273,9606.ENSP00000351777,9606.ENSP00000351807,9606.ENSP00000352516,9606.ENSP00000353422,9606.ENSP00000353654,9606.ENSP00000354111,9606.ENSP00000355387,9606.ENSP00000355470,9606.ENSP00000355559,9606.ENSP00000355922,9606.ENSP00000356224,9606.ENSP00000356515,9606.ENSP00000356771,9606.ENSP00000359319,9606.ENSP00000360502,9606.ENSP00000360645,9606.ENSP00000362285,9606.ENSP00000362413,9606.ENSP00000362734,9606.ENSP00000362924,9606.ENSP00000363123,9606.ENSP00000363973,9606.ENSP00000366416,9606.ENSP00000366525,9606.ENSP00000366997,9606.ENSP00000367615,9606.ENSP00000368572,9606.ENSP00000369129,9606.ENSP00000369317,9606.ENSP00000370034,9606.ENSP00000370990,9606.ENSP00000373574,9606.ENSP00000375653,9606.ENSP00000376306,9606.ENSP00000376475,9606.ENSP00000376637,9606.ENSP00000377783,9606.ENSP00000378131,9606.ENSP00000379140,9606.ENSP00000379258,9606.ENSP00000379496,9606.ENSP00000380690,9606.ENSP00000381148,9606.ENSP00000381448,9606.ENSP00000381492,9606.ENSP00000383382,9606.ENSP00000384367,9606.ENSP00000384957,9606.ENSP00000386331,9606.ENSP00000386881,9606.ENSP00000386884,9606.ENSP00000388723,9606.ENSP00000389631,9606.ENSP00000389998,9606.ENSP00000391090,9606.ENSP00000392423,9606.ENSP00000393312,9606.ENSP00000396843,9606.ENSP00000399679,9606.ENSP00000401437,9606.ENSP00000402760,9606.ENSP00000403441,9606.ENSP00000405330,9606.ENSP00000408411,9606.ENSP00000409126,9606.ENSP00000416066,9606.ENSP00000416293,9606.ENSP00000416330,9606.ENSP00000432568,9606.ENSP00000435712,9606.ENSP00000437659,9606.ENSP00000440066,9606.ENSP00000442050,9606.ENSP00000446576,9606.ENSP00000450540,9606.ENSP00000452120,9606.ENSP00000452877,9606.ENSP00000462337,9606.ENSP00000476176,9606.ENSP00000478561,9606.ENSP00000481029,9606.ENSP00000481570,9606.ENSP00000482169,9606.ENSP00000482457,9606.ENSP00000483872,9606.ENSP00000486291,9606.ENSP00000492024,9606.ENSP00000493153,9606.ENSP00000493985,9606.ENSP00000494175,9606.ENSP00000494678,9606.ENSP00000494697,9606.ENSP00000495061,9606.ENSP00000495385,9606.ENSP00000496250,9606.ENSP00000496699,9606.ENSP00000496779,9606.ENSP00000497910,9606.ENSP00000498116,9606.ENSP00000498217,9606.ENSP00000498441,9606.ENSP00000500990	SNAI2,PIGQ,B4GALT7,CHPF2,KRT14,HSD17B10,SERPIND1,SLC25A1,RIPK3,USB1,TGFB1,COL1A1,WFS1,CYP27B1,COX6A1,LTF,APOB,DLX4,EGR2,ATXN1,C3,RAC2,SMO,HBA2,KRT5,KRT6B,APOE,ZSWIM6,SLC6A8,KRAS,CD180,NOTCH2,OASL,GNS,KIF11,LYZ,DNAJB6,CREBBP,IL1B,NOTCH3,EPAS1,KYNU,KLKB1,VCAN,KCNC1,CACNA1C,G6PC3,NPC1,RASA1,ATP6V1B2,FSIP1,SEC24D,ANKRD44,ANKH,APP,WNT4,PSMB4,CRYAA,ANO10,ARHGAP15,SHH,SPRED1,CD3D,CA4,KRT16,ANTXR1,COL3A1,FGB,DST,F2,GP6,PRKACA,KRT2,RAB6A,PHKB,CLU,GLS,FZD2,FBN1,SLC25A20,LIMS2,HMG20B,KRT76,IKZF1,NXN,UBA1,PARK7,SOX18,DOK7,DMPK,LARGE1,PIGR,ANK2,MAP3K6,FAM219B,APOA4,CX3CR1,CASP8,VCP,ELN,DNMT1,VPS13A,COL4A2,DNAJC5,SCAMP5,CNST,B3GALNT2,CENPF,SYNE1,UTRN,F5,PAX2,PDE6C,MAN1B1,SLC29A3,PGK1,CRB2,GSN,AHDC1,ALPL,EDNRB,FTL,DIS3,APRT,SAT1,DSP,KRT6A,TLR7,SHOX,ACVRL1,NLRP12,CIT,PRKAR1A,IGF1,PROS1,CFI,CXCL12,GLI3,PDE1C,BICDL1,CTDSP2,CST3,LAT2,GP1BB,KCTD1,F11,MYO7A,DYSF,CXCR4,KBTBD13,ARPC1B,TMEM67,CHEK1,RELN,FGFR1,NFIC,PRG4,LDB3,SLC22A5,ZNF30,ESR1,LAMP2,ANO6,SERPINA1,SLC2A1,TGFBI,SPTBN2,GATA4,PHC1,JCHAIN,PCYT2,ATXN2,SERPINA3,ITGA7,ZNF592,VEZF1,SLC37A4,CYP1B1,PSMC3,TNFAIP3,NEFL,PLCG2,TSPAN33,SUGCT,PAX6,PPT1,KNG1,HBB,TBC1D24,RPL9,PITX2,SLC19A3,RPL11,CHAMP1,LZTR1,B2M,DLX5,ALX4,FGA,SNCA	4.86e-06	0.0013	Monogenic disease
DISEASES	DOID:2531	25	190	9606	9606.ENSP00000167586,9606.ENSP00000231449,9606.ENSP00000252242,9606.ENSP00000254066,9606.ENSP00000256078,9606.ENSP00000261799,9606.ENSP00000263341,9606.ENSP00000263464,9606.ENSP00000268679,9606.ENSP00000300060,9606.ENSP00000314480,9606.ENSP00000331614,9606.ENSP00000336752,9606.ENSP00000350844,9606.ENSP00000351273,9606.ENSP00000363330,9606.ENSP00000381185,9606.ENSP00000386884,9606.ENSP00000402257,9606.ENSP00000412237,9606.ENSP00000442788,9606.ENSP00000450540,9606.ENSP00000480132,9606.ENSP00000497910,9606.ENSP00000498321	KRT14,IL4,KRT5,RARA,KRAS,PDGFRB,IL1B,BIRC3,CBFA2T3,ANPEP,UNCX,IKZF1,FIP1L1,PAX5,CASP8,CD52,BCL2,CXCR4,RUNX1T1,IL10,TET2,SERPINA3,NCAM1,B2M,MYD88	6.75e-06	0.0016	Hematologic cancer
DISEASES	DOID:65	64	774	9606	9606.ENSP00000029410,9606.ENSP00000215754,9606.ENSP00000219070,9606.ENSP00000221930,9606.ENSP00000225964,9606.ENSP00000228606,9606.ENSP00000231061,9606.ENSP00000231449,9606.ENSP00000238156,9606.ENSP00000246672,9606.ENSP00000250092,9606.ENSP00000252744,9606.ENSP00000256646,9606.ENSP00000259206,9606.ENSP00000261799,9606.ENSP00000263341,9606.ENSP00000271450,9606.ENSP00000280551,9606.ENSP00000282903,9606.ENSP00000282928,9606.ENSP00000284268,9606.ENSP00000297261,9606.ENSP00000301945,9606.ENSP00000304408,9606.ENSP00000307508,9606.ENSP00000307959,9606.ENSP00000311833,9606.ENSP00000320509,9606.ENSP00000323901,9606.ENSP00000325146,9606.ENSP00000325527,9606.ENSP00000330959,9606.ENSP00000337168,9606.ENSP00000338413,9606.ENSP00000348472,9606.ENSP00000351777,9606.ENSP00000351807,9606.ENSP00000352798,9606.ENSP00000361405,9606.ENSP00000363973,9606.ENSP00000364163,9606.ENSP00000368104,9606.ENSP00000369129,9606.ENSP00000370990,9606.ENSP00000376475,9606.ENSP00000378757,9606.ENSP00000378786,9606.ENSP00000379258,9606.ENSP00000393312,9606.ENSP00000399168,9606.ENSP00000403495,9606.ENSP00000405330,9606.ENSP00000409126,9606.ENSP00000412237,9606.ENSP00000415941,9606.ENSP00000416293,9606.ENSP00000440066,9606.ENSP00000444271,9606.ENSP00000450540,9606.ENSP00000457421,9606.ENSP00000481570,9606.ENSP00000497069,9606.ENSP00000498116,9606.ENSP00000498217	B4GALT7,MIF,MMP2,TGFB1,COL1A1,CYP27B1,SPARC,IL4,CCDC92,NR1D1,CD68,ZSWIM6,NOTCH2,IL1RN,PDGFRB,IL1B,FCGR2A,SEC24D,PLOD2,ZIC1,ANKH,SHH,ANTXR1,COL3A1,CALB2,DST,SLC37A2,BANK1,FZD2,COL12A1,FBN1,IL1R2,EPB41L1,UBA1,PXK,VCP,ELN,COL18A1,MMP9,ALPL,NOTCH4,BMP2,DSP,SHOX,PRKAR1A,SLC16A9,HLA-DRA,GLI3,FGFR1,HLA-B,LTA,ESR1,ANO6,IL10,C4B,SLC2A1,JCHAIN,C1R,SERPINA3,PECAM1,TNFAIP3,IGF1R,DLX5,ALX4	6.85e-06	0.0016	Connective tissue disease
DISEASES	DOID:863	148	2275	9606	9606.ENSP00000026218,9606.ENSP00000168216,9606.ENSP00000215882,9606.ENSP00000215909,9606.ENSP00000216452,9606.ENSP00000223136,9606.ENSP00000225655,9606.ENSP00000225964,9606.ENSP00000226760,9606.ENSP00000228606,9606.ENSP00000229379,9606.ENSP00000231449,9606.ENSP00000231751,9606.ENSP00000232905,9606.ENSP00000233242,9606.ENSP00000242057,9606.ENSP00000242480,9606.ENSP00000244769,9606.ENSP00000245907,9606.ENSP00000249373,9606.ENSP00000250092,9606.ENSP00000252486,9606.ENSP00000252506,9606.ENSP00000252744,9606.ENSP00000256447,9606.ENSP00000257895,9606.ENSP00000259206,9606.ENSP00000260408,9606.ENSP00000260731,9606.ENSP00000263317,9606.ENSP00000263341,9606.ENSP00000263388,9606.ENSP00000265077,9606.ENSP00000265969,9606.ENSP00000267569,9606.ENSP00000270142,9606.ENSP00000272369,9606.ENSP00000274376,9606.ENSP00000275493,9606.ENSP00000282272,9606.ENSP00000282928,9606.ENSP00000284981,9606.ENSP00000286628,9606.ENSP00000291554,9606.ENSP00000292246,9606.ENSP00000297261,9606.ENSP00000298910,9606.ENSP00000300900,9606.ENSP00000304956,9606.ENSP00000306157,9606.ENSP00000307342,9606.ENSP00000307959,9606.ENSP00000308541,9606.ENSP00000310375,9606.ENSP00000311469,9606.ENSP00000313967,9606.ENSP00000315130,9606.ENSP00000317272,9606.ENSP00000317379,9606.ENSP00000323929,9606.ENSP00000325527,9606.ENSP00000335029,9606.ENSP00000338413,9606.ENSP00000338785,9606.ENSP00000340278,9606.ENSP00000343200,9606.ENSP00000344432,9606.ENSP00000345672,9606.ENSP00000345997,9606.ENSP00000347088,9606.ENSP00000349860,9606.ENSP00000351059,9606.ENSP00000351777,9606.ENSP00000351807,9606.ENSP00000352516,9606.ENSP00000352798,9606.ENSP00000353422,9606.ENSP00000353654,9606.ENSP00000354111,9606.ENSP00000355559,9606.ENSP00000356224,9606.ENSP00000356319,9606.ENSP00000356545,9606.ENSP00000356607,9606.ENSP00000359319,9606.ENSP00000360502,9606.ENSP00000360522,9606.ENSP00000361405,9606.ENSP00000362734,9606.ENSP00000362924,9606.ENSP00000363330,9606.ENSP00000363770,9606.ENSP00000365227,9606.ENSP00000366525,9606.ENSP00000366997,9606.ENSP00000373574,9606.ENSP00000376306,9606.ENSP00000376367,9606.ENSP00000376475,9606.ENSP00000376637,9606.ENSP00000378131,9606.ENSP00000379287,9606.ENSP00000379496,9606.ENSP00000380690,9606.ENSP00000381148,9606.ENSP00000381185,9606.ENSP00000381448,9606.ENSP00000381968,9606.ENSP00000386331,9606.ENSP00000386444,9606.ENSP00000389998,9606.ENSP00000391090,9606.ENSP00000391481,9606.ENSP00000392423,9606.ENSP00000393312,9606.ENSP00000396198,9606.ENSP00000399168,9606.ENSP00000412237,9606.ENSP00000414303,9606.ENSP00000416066,9606.ENSP00000416293,9606.ENSP00000416330,9606.ENSP00000417175,9606.ENSP00000424226,9606.ENSP00000432568,9606.ENSP00000437659,9606.ENSP00000442050,9606.ENSP00000446576,9606.ENSP00000450540,9606.ENSP00000452877,9606.ENSP00000457421,9606.ENSP00000467579,9606.ENSP00000478561,9606.ENSP00000481029,9606.ENSP00000481380,9606.ENSP00000482169,9606.ENSP00000483872,9606.ENSP00000484687,9606.ENSP00000486291,9606.ENSP00000492024,9606.ENSP00000493153,9606.ENSP00000494678,9606.ENSP00000495061,9606.ENSP00000495385,9606.ENSP00000496779,9606.ENSP00000497160,9606.ENSP00000498321,9606.ENSP00000500990	PIGQ,HSD17B10,SLC25A1,LGALS1,PIGH,FIS1,PFN1,COL1A1,WFS1,CYP27B1,COX6A1,IL4,LTF,EIF1B,APOB,AHR,EGR2,ATXN1,C3,SMO,CD68,APOE,GADD45G,ZSWIM6,CD180,RDH5,IL1RN,ADAM10,KIF11,NOX4,IL1B,NOTCH3,VCAN,KCNC1,JDP2,SOD1,MEIS1,RASA1,EGFR,ANKRD44,ZIC1,APP,KCNMA1,CRYAA,ANO10,SHH,LRRK2,CA4,MN1,IL7R,HCN1,DST,F2,MLC1,GSTM1,C1QB,CLU,MET,GLS,A2M,FBN1,RASA3,UBA1,STARD13,PARK7,SKOR1,DOK7,CTSB,DMPK,LARGE1,GFPT1,CX3CR1,VCP,ELN,DNMT1,COL18A1,VPS13A,COL4A2,DNAJC5,B3GALNT2,SYNE1,KIF14,CACNA1E,RALGPS2,PAX2,PDE6C,RBP4,MMP9,CRB2,GSN,CD52,C1QC,AIF1,FTL,DIS3,ACVRL1,CIT,WASF1,PRKAR1A,IGF1,CFI,YWHAZ,PDE1C,BICDL1,CTDSP2,BCL2,CST3,SPTLC3,MYO7A,SAG,TMEM67,CHEK1,TKT,RELN,FGFR1,FGF13,HLA-B,IL10,BDNF,SERPINA1,SLC2A1,TGFBI,VAPB,TENM3,SPTBN2,PHC1,PCYT2,ATXN2,SERPINA3,ZNF592,PECAM1,WBP2,CYP1B1,PSMC3,CCNA2,NEFL,TSPAN33,ZNHIT3,SUGCT,PAX6,PPT1,TBC1D24,PITX2,SLC19A3,LZTR1,EIF2B5,MYD88,SNCA	6.31e-06	0.0016	Nervous system disease
DISEASES	DOID:1287	46	493	9606	9606.ENSP00000205948,9606.ENSP00000216117,9606.ENSP00000216492,9606.ENSP00000221930,9606.ENSP00000233242,9606.ENSP00000252486,9606.ENSP00000252506,9606.ENSP00000256078,9606.ENSP00000261590,9606.ENSP00000262345,9606.ENSP00000263317,9606.ENSP00000263341,9606.ENSP00000266376,9606.ENSP00000274376,9606.ENSP00000304408,9606.ENSP00000307508,9606.ENSP00000308541,9606.ENSP00000325527,9606.ENSP00000331736,9606.ENSP00000336752,9606.ENSP00000338785,9606.ENSP00000349588,9606.ENSP00000351022,9606.ENSP00000351807,9606.ENSP00000353654,9606.ENSP00000356515,9606.ENSP00000361405,9606.ENSP00000363973,9606.ENSP00000365227,9606.ENSP00000369129,9606.ENSP00000373574,9606.ENSP00000376475,9606.ENSP00000377265,9606.ENSP00000379140,9606.ENSP00000381185,9606.ENSP00000388723,9606.ENSP00000392043,9606.ENSP00000399168,9606.ENSP00000401437,9606.ENSP00000412237,9606.ENSP00000414303,9606.ENSP00000416293,9606.ENSP00000435712,9606.ENSP00000457421,9606.ENSP00000493252,9606.ENSP00000495061	APOH,HMOX1,CHGA,TGFB1,APOB,APOE,GADD45G,KRAS,DSG2,IL12RB2,NOX4,IL1B,CACNA1C,RASA1,COL3A1,CALB2,F2,FBN1,SELE,FIP1L1,STARD13,ANK2,TPM1,ELN,COL4A2,UTRN,MMP9,ALPL,AIF1,DSP,ACVRL1,PRKAR1A,TFAP2B,CXCL12,BCL2,KBTBD13,ATP2B1,HLA-B,LDB3,IL10,BDNF,SLC2A1,GATA4,PECAM1,ZFHX3,PITX2	8.92e-06	0.002	Cardiovascular system disease
DISEASES	DOID:0050639	8	19	9606	9606.ENSP00000167586,9606.ENSP00000245907,9606.ENSP00000252242,9606.ENSP00000252486,9606.ENSP00000274276,9606.ENSP00000362924,9606.ENSP00000381448,9606.ENSP00000416066	KRT14,C3,KRT5,APOE,OSMR,GSN,CST3,SERPINA1	1.24e-05	0.0023	Primary cutaneous amyloidosis
DISEASES	DOID:10652	11	41	9606	9606.ENSP00000252486,9606.ENSP00000260408,9606.ENSP00000284981,9606.ENSP00000315130,9606.ENSP00000323929,9606.ENSP00000345672,9606.ENSP00000356607,9606.ENSP00000381448,9606.ENSP00000414303,9606.ENSP00000450540,9606.ENSP00000500990	APOE,ADAM10,APP,CLU,A2M,CTSB,RALGPS2,CST3,BDNF,SERPINA3,SNCA	1.08e-05	0.0023	Alzheimers disease
DISEASES	DOID:178	29	249	9606	9606.ENSP00000205948,9606.ENSP00000216117,9606.ENSP00000221930,9606.ENSP00000233242,9606.ENSP00000252486,9606.ENSP00000252506,9606.ENSP00000262345,9606.ENSP00000263317,9606.ENSP00000263341,9606.ENSP00000274376,9606.ENSP00000304408,9606.ENSP00000308541,9606.ENSP00000325527,9606.ENSP00000331736,9606.ENSP00000338785,9606.ENSP00000351807,9606.ENSP00000353654,9606.ENSP00000361405,9606.ENSP00000363973,9606.ENSP00000365227,9606.ENSP00000373574,9606.ENSP00000379140,9606.ENSP00000381185,9606.ENSP00000392043,9606.ENSP00000399168,9606.ENSP00000412237,9606.ENSP00000414303,9606.ENSP00000416293,9606.ENSP00000457421	APOH,HMOX1,TGFB1,APOB,APOE,GADD45G,IL12RB2,NOX4,IL1B,RASA1,COL3A1,F2,FBN1,SELE,STARD13,ELN,COL4A2,MMP9,ALPL,AIF1,ACVRL1,CXCL12,BCL2,ATP2B1,HLA-B,IL10,BDNF,SLC2A1,PECAM1	1.1e-05	0.0023	Vascular disease
DISEASES	DOID:18	35	350	9606	9606.ENSP00000221930,9606.ENSP00000226760,9606.ENSP00000228606,9606.ENSP00000245907,9606.ENSP00000249356,9606.ENSP00000250092,9606.ENSP00000259206,9606.ENSP00000262367,9606.ENSP00000263734,9606.ENSP00000284240,9606.ENSP00000290167,9606.ENSP00000302324,9606.ENSP00000308541,9606.ENSP00000317272,9606.ENSP00000317674,9606.ENSP00000325296,9606.ENSP00000328269,9606.ENSP00000329243,9606.ENSP00000343505,9606.ENSP00000346839,9606.ENSP00000347088,9606.ENSP00000350425,9606.ENSP00000352798,9606.ENSP00000359319,9606.ENSP00000362108,9606.ENSP00000365012,9606.ENSP00000367123,9606.ENSP00000376178,9606.ENSP00000378131,9606.ENSP00000381448,9606.ENSP00000383931,9606.ENSP00000384849,9606.ENSP00000389998,9606.ENSP00000415941,9606.ENSP00000497910	TGFB1,WFS1,CYP27B1,C3,DNAJB9,CD68,IL1RN,CREBBP,EPAS1,THY1,WNT4,RNASE3,F2,MET,APOL1,PKD2L1,HMG20B,KRT7,TNFSF13,FN1,LARGE1,APOA4,COL18A1,PAX2,LCN2,HCK,SLC3A2,STX2,CFI,CST3,GP5,CDKN1A,TMEM67,C4B,B2M	2.87e-05	0.0051	Urinary system disease
DISEASES	DOID:649	7	16	9606	9606.ENSP00000245907,9606.ENSP00000252486,9606.ENSP00000284981,9606.ENSP00000313967,9606.ENSP00000363770,9606.ENSP00000379287,9606.ENSP00000500990	C3,APOE,APP,C1QB,C1QC,YWHAZ,SNCA	3.62e-05	0.0062	Prion disease
DISEASES	DOID:1240	16	104	9606	9606.ENSP00000254066,9606.ENSP00000256078,9606.ENSP00000261799,9606.ENSP00000263341,9606.ENSP00000268679,9606.ENSP00000300060,9606.ENSP00000314480,9606.ENSP00000331614,9606.ENSP00000336752,9606.ENSP00000351273,9606.ENSP00000363330,9606.ENSP00000381185,9606.ENSP00000402257,9606.ENSP00000442788,9606.ENSP00000450540,9606.ENSP00000480132	RARA,KRAS,PDGFRB,IL1B,CBFA2T3,ANPEP,UNCX,IKZF1,FIP1L1,CASP8,CD52,BCL2,RUNX1T1,TET2,SERPINA3,NCAM1	5.83e-05	0.0095	Leukemia
DISEASES	DOID:557	29	275	9606	9606.ENSP00000221930,9606.ENSP00000226760,9606.ENSP00000228606,9606.ENSP00000245907,9606.ENSP00000249356,9606.ENSP00000250092,9606.ENSP00000259206,9606.ENSP00000263734,9606.ENSP00000284240,9606.ENSP00000308541,9606.ENSP00000317272,9606.ENSP00000317674,9606.ENSP00000325296,9606.ENSP00000328269,9606.ENSP00000329243,9606.ENSP00000343505,9606.ENSP00000346839,9606.ENSP00000350425,9606.ENSP00000352798,9606.ENSP00000359319,9606.ENSP00000362108,9606.ENSP00000365012,9606.ENSP00000367123,9606.ENSP00000376178,9606.ENSP00000378131,9606.ENSP00000381448,9606.ENSP00000389998,9606.ENSP00000415941,9606.ENSP00000497910	TGFB1,WFS1,CYP27B1,C3,DNAJB9,CD68,IL1RN,EPAS1,THY1,F2,MET,APOL1,PKD2L1,HMG20B,KRT7,TNFSF13,FN1,APOA4,COL18A1,PAX2,LCN2,HCK,SLC3A2,STX2,CFI,CST3,TMEM67,C4B,B2M	5.78e-05	0.0095	Kidney disease
DISEASES	DOID:0080001	46	540	9606	9606.ENSP00000029410,9606.ENSP00000215754,9606.ENSP00000219070,9606.ENSP00000221930,9606.ENSP00000225964,9606.ENSP00000228606,9606.ENSP00000231061,9606.ENSP00000231449,9606.ENSP00000246672,9606.ENSP00000252744,9606.ENSP00000256646,9606.ENSP00000263341,9606.ENSP00000271450,9606.ENSP00000280551,9606.ENSP00000282903,9606.ENSP00000282928,9606.ENSP00000284268,9606.ENSP00000297261,9606.ENSP00000311833,9606.ENSP00000323901,9606.ENSP00000325527,9606.ENSP00000330959,9606.ENSP00000337168,9606.ENSP00000348472,9606.ENSP00000351777,9606.ENSP00000352798,9606.ENSP00000361405,9606.ENSP00000363973,9606.ENSP00000368104,9606.ENSP00000370990,9606.ENSP00000376475,9606.ENSP00000378757,9606.ENSP00000379258,9606.ENSP00000393312,9606.ENSP00000399168,9606.ENSP00000405330,9606.ENSP00000409126,9606.ENSP00000412237,9606.ENSP00000416293,9606.ENSP00000440066,9606.ENSP00000450540,9606.ENSP00000457421,9606.ENSP00000481570,9606.ENSP00000497069,9606.ENSP00000498116,9606.ENSP00000498217	B4GALT7,MIF,MMP2,TGFB1,COL1A1,CYP27B1,SPARC,IL4,NR1D1,ZSWIM6,NOTCH2,IL1B,FCGR2A,SEC24D,PLOD2,ZIC1,ANKH,SHH,SLC37A2,FZD2,FBN1,IL1R2,EPB41L1,PXK,VCP,COL18A1,MMP9,ALPL,BMP2,SHOX,PRKAR1A,SLC16A9,GLI3,FGFR1,HLA-B,ESR1,ANO6,IL10,SLC2A1,JCHAIN,SERPINA3,PECAM1,TNFAIP3,IGF1R,DLX5,ALX4	7.07e-05	0.0108	Bone disease
DISEASES	DOID:0050161	25	226	9606	9606.ENSP00000216492,9606.ENSP00000221930,9606.ENSP00000231449,9606.ENSP00000255409,9606.ENSP00000256078,9606.ENSP00000262187,9606.ENSP00000263341,9606.ENSP00000275493,9606.ENSP00000287842,9606.ENSP00000302324,9606.ENSP00000302569,9606.ENSP00000307508,9606.ENSP00000308541,9606.ENSP00000317272,9606.ENSP00000336752,9606.ENSP00000351807,9606.ENSP00000352798,9606.ENSP00000366525,9606.ENSP00000369129,9606.ENSP00000407422,9606.ENSP00000412237,9606.ENSP00000416066,9606.ENSP00000480132,9606.ENSP00000494175,9606.ENSP00000498251	CHGA,TGFB1,IL4,CHI3L1,KRAS,RHEB,IL1B,EGFR,NRG1,RNASE3,CLEC7A,CALB2,F2,MET,FIP1L1,ELN,COL18A1,FTL,DSP,MUC7,IL10,SERPINA1,NCAM1,HBB,MTUS2	9.24e-05	0.0137	Lower respiratory tract disease
DISEASES	DOID:612	41	470	9606	9606.ENSP00000205948,9606.ENSP00000215754,9606.ENSP00000228606,9606.ENSP00000231449,9606.ENSP00000245907,9606.ENSP00000249071,9606.ENSP00000259206,9606.ENSP00000262345,9606.ENSP00000263341,9606.ENSP00000264690,9606.ENSP00000271450,9606.ENSP00000300692,9606.ENSP00000306157,9606.ENSP00000307959,9606.ENSP00000308541,9606.ENSP00000320509,9606.ENSP00000330959,9606.ENSP00000331614,9606.ENSP00000338413,9606.ENSP00000348472,9606.ENSP00000348888,9606.ENSP00000352798,9606.ENSP00000364163,9606.ENSP00000369129,9606.ENSP00000370034,9606.ENSP00000375653,9606.ENSP00000378131,9606.ENSP00000378786,9606.ENSP00000379140,9606.ENSP00000386444,9606.ENSP00000386884,9606.ENSP00000389631,9606.ENSP00000399168,9606.ENSP00000403495,9606.ENSP00000412237,9606.ENSP00000415941,9606.ENSP00000478255,9606.ENSP00000481570,9606.ENSP00000482169,9606.ENSP00000482457,9606.ENSP00000493985	APOH,MIF,CYP27B1,IL4,C3,RAC2,IL1RN,IL12RB2,IL1B,KLKB1,FCGR2A,CD3D,IL7R,DST,F2,BANK1,IL1R2,IKZF1,UBA1,PXK,PIGR,COL18A1,NOTCH4,DSP,TLR7,NLRP12,CFI,HLA-DRA,CXCL12,SAG,CXCR4,ARPC1B,HLA-B,LTA,IL10,C4B,ABCB1,TNFAIP3,NEFL,PLCG2,KNG1	0.00011	0.0155	Primary immunodeficiency disease
DISEASES	DOID:0050636	7	21	9606	9606.ENSP00000252486,9606.ENSP00000261267,9606.ENSP00000350425,9606.ENSP00000416066,9606.ENSP00000494175,9606.ENSP00000497910,9606.ENSP00000498441	APOE,LYZ,APOA4,SERPINA1,HBB,B2M,FGA	0.00014	0.0202	Familial visceral amyloidosis
DISEASES	DOID:850	21	178	9606	9606.ENSP00000216492,9606.ENSP00000221930,9606.ENSP00000231449,9606.ENSP00000256078,9606.ENSP00000262187,9606.ENSP00000263341,9606.ENSP00000275493,9606.ENSP00000287842,9606.ENSP00000302569,9606.ENSP00000308541,9606.ENSP00000317272,9606.ENSP00000336752,9606.ENSP00000351807,9606.ENSP00000352798,9606.ENSP00000366525,9606.ENSP00000369129,9606.ENSP00000412237,9606.ENSP00000416066,9606.ENSP00000480132,9606.ENSP00000494175,9606.ENSP00000498251	CHGA,TGFB1,IL4,KRAS,RHEB,IL1B,EGFR,NRG1,CLEC7A,F2,MET,FIP1L1,ELN,COL18A1,FTL,DSP,IL10,SERPINA1,NCAM1,HBB,MTUS2	0.00015	0.0202	Lung disease
DISEASES	DOID:0050637	5	9	9606	9606.ENSP00000245907,9606.ENSP00000252486,9606.ENSP00000362924,9606.ENSP00000381448,9606.ENSP00000416066	C3,APOE,GSN,CST3,SERPINA1	0.00021	0.0269	Finnish type amyloidosis
DISEASES	DOID:0060058	15	105	9606	9606.ENSP00000167586,9606.ENSP00000231449,9606.ENSP00000252242,9606.ENSP00000263464,9606.ENSP00000331614,9606.ENSP00000350844,9606.ENSP00000351273,9606.ENSP00000363330,9606.ENSP00000381185,9606.ENSP00000386884,9606.ENSP00000412237,9606.ENSP00000442788,9606.ENSP00000480132,9606.ENSP00000497910,9606.ENSP00000498321	KRT14,IL4,KRT5,BIRC3,IKZF1,PAX5,CASP8,CD52,BCL2,CXCR4,IL10,TET2,NCAM1,B2M,MYD88	0.0002	0.0269	Lymphoma
DISEASES	DOID:0080015	55	722	9606	9606.ENSP00000029410,9606.ENSP00000173229,9606.ENSP00000215882,9606.ENSP00000229270,9606.ENSP00000240306,9606.ENSP00000250092,9606.ENSP00000251595,9606.ENSP00000252744,9606.ENSP00000260731,9606.ENSP00000264690,9606.ENSP00000269097,9606.ENSP00000297261,9606.ENSP00000299155,9606.ENSP00000306099,9606.ENSP00000308541,9606.ENSP00000325146,9606.ENSP00000325527,9606.ENSP00000344432,9606.ENSP00000347088,9606.ENSP00000349588,9606.ENSP00000349860,9606.ENSP00000355470,9606.ENSP00000355559,9606.ENSP00000356319,9606.ENSP00000359345,9606.ENSP00000360645,9606.ENSP00000362413,9606.ENSP00000362734,9606.ENSP00000376306,9606.ENSP00000377192,9606.ENSP00000377265,9606.ENSP00000379258,9606.ENSP00000381148,9606.ENSP00000386331,9606.ENSP00000386444,9606.ENSP00000386717,9606.ENSP00000388723,9606.ENSP00000392423,9606.ENSP00000393312,9606.ENSP00000416293,9606.ENSP00000435712,9606.ENSP00000437659,9606.ENSP00000452120,9606.ENSP00000476176,9606.ENSP00000478561,9606.ENSP00000492024,9606.ENSP00000493728,9606.ENSP00000494175,9606.ENSP00000494697,9606.ENSP00000495273,9606.ENSP00000496166,9606.ENSP00000496250,9606.ENSP00000497574,9606.ENSP00000498217,9606.ENSP00000498441	B4GALT7,NTN1,SLC25A1,TPI1,DLX4,CD68,HBA2,ZSWIM6,KIF11,KLKB1,G6PC3,SHH,AMN,FGB,F2,COL12A1,FBN1,DOK7,LARGE1,ANK2,GFPT1,CNST,B3GALNT2,KIF14,RPL5,MAN1B1,PGK1,CRB2,CIT,G6PD,TFAP2B,GLI3,CTDSP2,MYO7A,SAG,RPL31,KBTBD13,RELN,FGFR1,SLC2A1,GATA4,PHC1,ITGA7,SLC37A4,CYP1B1,PAX6,GRB10,HBB,RPL9,RPS7,ALDOA,RPL11,GCLC,ALX4,FGA	0.00022	0.0269	Physical disorder
DISEASES	DOID:11949	5	9	9606	9606.ENSP00000245907,9606.ENSP00000252486,9606.ENSP00000313967,9606.ENSP00000363770,9606.ENSP00000379287	C3,APOE,C1QB,C1QC,YWHAZ	0.00021	0.0269	Creutzfeldt-Jakob disease
DISEASES	DOID:1307	7	23	9606	9606.ENSP00000252486,9606.ENSP00000263388,9606.ENSP00000270142,9606.ENSP00000284981,9606.ENSP00000351777,9606.ENSP00000414303,9606.ENSP00000500990	APOE,NOTCH3,SOD1,APP,VCP,BDNF,SNCA	0.00023	0.0269	Dementia
DISEASES	DOID:3602	5	9	9606	9606.ENSP00000263341,9606.ENSP00000284981,9606.ENSP00000365227,9606.ENSP00000414303,9606.ENSP00000500990	IL1B,APP,AIF1,BDNF,SNCA	0.00021	0.0269	Toxic encephalopathy
DISEASES	DOID:936	60	806	9606	9606.ENSP00000026218,9606.ENSP00000215882,9606.ENSP00000216452,9606.ENSP00000244769,9606.ENSP00000245907,9606.ENSP00000249373,9606.ENSP00000252486,9606.ENSP00000263341,9606.ENSP00000263388,9606.ENSP00000265969,9606.ENSP00000267569,9606.ENSP00000270142,9606.ENSP00000275493,9606.ENSP00000282272,9606.ENSP00000282928,9606.ENSP00000284981,9606.ENSP00000286628,9606.ENSP00000292246,9606.ENSP00000297261,9606.ENSP00000298910,9606.ENSP00000300900,9606.ENSP00000307342,9606.ENSP00000308541,9606.ENSP00000310375,9606.ENSP00000313967,9606.ENSP00000317379,9606.ENSP00000338785,9606.ENSP00000340278,9606.ENSP00000351777,9606.ENSP00000352516,9606.ENSP00000353422,9606.ENSP00000353654,9606.ENSP00000356224,9606.ENSP00000356545,9606.ENSP00000361405,9606.ENSP00000363770,9606.ENSP00000365227,9606.ENSP00000373574,9606.ENSP00000376367,9606.ENSP00000379287,9606.ENSP00000380690,9606.ENSP00000381185,9606.ENSP00000389998,9606.ENSP00000391090,9606.ENSP00000391481,9606.ENSP00000392423,9606.ENSP00000396198,9606.ENSP00000414303,9606.ENSP00000416293,9606.ENSP00000432568,9606.ENSP00000446576,9606.ENSP00000452877,9606.ENSP00000482169,9606.ENSP00000484687,9606.ENSP00000486291,9606.ENSP00000493153,9606.ENSP00000494678,9606.ENSP00000495385,9606.ENSP00000497160,9606.ENSP00000500990	PIGQ,SLC25A1,PIGH,ATXN1,C3,SMO,APOE,IL1B,NOTCH3,KCNC1,JDP2,SOD1,EGFR,ANKRD44,ZIC1,APP,KCNMA1,ANO10,SHH,LRRK2,CA4,HCN1,F2,MLC1,C1QB,GLS,STARD13,PARK7,VCP,DNMT1,VPS13A,COL4A2,SYNE1,CACNA1E,MMP9,C1QC,AIF1,ACVRL1,WASF1,YWHAZ,BICDL1,BCL2,TMEM67,CHEK1,TKT,RELN,FGF13,BDNF,SLC2A1,SPTBN2,ATXN2,ZNF592,NEFL,ZNHIT3,SUGCT,PPT1,TBC1D24,SLC19A3,EIF2B5,SNCA	0.00021	0.0269	Brain disease
DISEASES	DOID:0060073	16	120	9606	9606.ENSP00000167586,9606.ENSP00000231449,9606.ENSP00000252242,9606.ENSP00000263464,9606.ENSP00000331614,9606.ENSP00000350844,9606.ENSP00000351273,9606.ENSP00000363330,9606.ENSP00000381185,9606.ENSP00000386884,9606.ENSP00000412237,9606.ENSP00000442788,9606.ENSP00000457421,9606.ENSP00000480132,9606.ENSP00000497910,9606.ENSP00000498321	KRT14,IL4,KRT5,BIRC3,IKZF1,PAX5,CASP8,CD52,BCL2,CXCR4,IL10,TET2,PECAM1,NCAM1,B2M,MYD88	0.00026	0.0283	Lymphatic system cancer
DISEASES	DOID:77	46	576	9606	9606.ENSP00000173229,9606.ENSP00000216492,9606.ENSP00000221930,9606.ENSP00000225964,9606.ENSP00000231449,9606.ENSP00000231751,9606.ENSP00000252242,9606.ENSP00000256078,9606.ENSP00000256646,9606.ENSP00000261170,9606.ENSP00000262345,9606.ENSP00000263341,9606.ENSP00000275493,9606.ENSP00000284268,9606.ENSP00000287842,9606.ENSP00000295095,9606.ENSP00000296456,9606.ENSP00000297261,9606.ENSP00000298910,9606.ENSP00000301945,9606.ENSP00000307900,9606.ENSP00000308541,9606.ENSP00000317272,9606.ENSP00000326581,9606.ENSP00000329243,9606.ENSP00000350195,9606.ENSP00000355245,9606.ENSP00000357721,9606.ENSP00000361405,9606.ENSP00000366416,9606.ENSP00000376178,9606.ENSP00000379258,9606.ENSP00000380070,9606.ENSP00000381185,9606.ENSP00000381492,9606.ENSP00000384849,9606.ENSP00000392700,9606.ENSP00000402760,9606.ENSP00000405330,9606.ENSP00000412237,9606.ENSP00000416066,9606.ENSP00000444736,9606.ENSP00000454071,9606.ENSP00000478255,9606.ENSP00000486891,9606.ENSP00000500990	NTN1,CHGA,TGFB1,COL1A1,IL4,LTF,KRT5,KRAS,NOTCH2,GUCY2C,IL12RB2,IL1B,EGFR,ANKH,NRG1,ARHGAP15,APEH,SHH,LRRK2,ANTXR1,GLUL,F2,MET,PEG3,KRT7,MAP3K6,PAX9,S100A8,MMP9,EDNRB,STX2,GLI3,GAPDH,BCL2,LAT2,CDKN1A,AMER3,SLC22A5,ESR1,IL10,SERPINA1,TAS2R30,LDLR,ABCB1,TCF7L2,SNCA	0.00028	0.029	Gastrointestinal system disease
DISEASES	DOID:0050428	5	10	9606	9606.ENSP00000252252,9606.ENSP00000261590,9606.ENSP00000301653,9606.ENSP00000369129,9606.ENSP00000369317	KRT6B,DSG2,KRT16,DSP,KRT6A	0.00031	0.0292	Nonepidermolytic palmoplantar keratoderma
DISEASES	DOID:0080010	7	24	9606	9606.ENSP00000219070,9606.ENSP00000225964,9606.ENSP00000228606,9606.ENSP00000325527,9606.ENSP00000361405,9606.ENSP00000368104,9606.ENSP00000497069	MMP2,COL1A1,CYP27B1,FBN1,MMP9,BMP2,IGF1R	0.00029	0.0292	Bone structure disease
DISEASES	DOID:10124	13	85	9606	9606.ENSP00000215909,9606.ENSP00000231751,9606.ENSP00000233242,9606.ENSP00000252486,9606.ENSP00000259206,9606.ENSP00000263341,9606.ENSP00000315130,9606.ENSP00000352798,9606.ENSP00000416330,9606.ENSP00000457421,9606.ENSP00000478561,9606.ENSP00000492024,9606.ENSP00000495061	LGALS1,LTF,APOB,APOE,IL1RN,IL1B,CLU,COL18A1,TGFBI,PECAM1,CYP1B1,PAX6,PITX2	0.0003	0.0292	Corneal disease
DISEASES	DOID:2789	8	33	9606	9606.ENSP00000229270,9606.ENSP00000231449,9606.ENSP00000234111,9606.ENSP00000267569,9606.ENSP00000317674,9606.ENSP00000377192,9606.ENSP00000412237,9606.ENSP00000441828	TPI1,IL4,ODC1,JDP2,APOL1,G6PD,IL10,HPR	0.00031	0.0292	Parasitic protozoa infectious disease
DISEASES	DOID:5295	23	216	9606	9606.ENSP00000216492,9606.ENSP00000221930,9606.ENSP00000231449,9606.ENSP00000256078,9606.ENSP00000263341,9606.ENSP00000275493,9606.ENSP00000287842,9606.ENSP00000295095,9606.ENSP00000298910,9606.ENSP00000329243,9606.ENSP00000361405,9606.ENSP00000366416,9606.ENSP00000376178,9606.ENSP00000379258,9606.ENSP00000380070,9606.ENSP00000381185,9606.ENSP00000384849,9606.ENSP00000402760,9606.ENSP00000412237,9606.ENSP00000416066,9606.ENSP00000478255,9606.ENSP00000486891,9606.ENSP00000500990	CHGA,TGFB1,IL4,KRAS,IL1B,EGFR,NRG1,ARHGAP15,LRRK2,KRT7,MMP9,EDNRB,STX2,GLI3,GAPDH,BCL2,CDKN1A,SLC22A5,IL10,SERPINA1,ABCB1,TCF7L2,SNCA	0.00029	0.0292	Intestinal disease
DISEASES	DOID:75	20	174	9606	9606.ENSP00000167586,9606.ENSP00000231449,9606.ENSP00000250092,9606.ENSP00000252242,9606.ENSP00000263464,9606.ENSP00000271450,9606.ENSP00000308541,9606.ENSP00000331614,9606.ENSP00000341815,9606.ENSP00000350844,9606.ENSP00000351273,9606.ENSP00000363330,9606.ENSP00000381185,9606.ENSP00000386884,9606.ENSP00000412237,9606.ENSP00000442788,9606.ENSP00000457421,9606.ENSP00000480132,9606.ENSP00000497910,9606.ENSP00000498321	KRT14,IL4,CD68,KRT5,BIRC3,FCGR2A,F2,IKZF1,SOX18,PAX5,CASP8,CD52,BCL2,CXCR4,IL10,TET2,PECAM1,NCAM1,B2M,MYD88	0.00029	0.0292	Lymphatic system disease
DISEASES	DOID:1579	27	277	9606	9606.ENSP00000216492,9606.ENSP00000221930,9606.ENSP00000231449,9606.ENSP00000255409,9606.ENSP00000256078,9606.ENSP00000262187,9606.ENSP00000263341,9606.ENSP00000275493,9606.ENSP00000287842,9606.ENSP00000302324,9606.ENSP00000302569,9606.ENSP00000307508,9606.ENSP00000308541,9606.ENSP00000317272,9606.ENSP00000336752,9606.ENSP00000351807,9606.ENSP00000352798,9606.ENSP00000366525,9606.ENSP00000369129,9606.ENSP00000370034,9606.ENSP00000399168,9606.ENSP00000407422,9606.ENSP00000412237,9606.ENSP00000416066,9606.ENSP00000480132,9606.ENSP00000494175,9606.ENSP00000498251	CHGA,TGFB1,IL4,CHI3L1,KRAS,RHEB,IL1B,EGFR,NRG1,RNASE3,CLEC7A,CALB2,F2,MET,FIP1L1,ELN,COL18A1,FTL,DSP,TLR7,HLA-B,MUC7,IL10,SERPINA1,NCAM1,HBB,MTUS2	0.00033	0.0297	Respiratory system disease
DISEASES	DOID:0060449	4	5	9606	9606.ENSP00000231751,9606.ENSP00000252486,9606.ENSP00000315130,9606.ENSP00000416330	LTF,APOE,CLU,TGFBI	0.00036	0.0322	Gelatinous drop-like corneal dystrophy
DISEASES	DOID:0070028	4	5	9606	9606.ENSP00000252486,9606.ENSP00000284981,9606.ENSP00000381448,9606.ENSP00000450540	APOE,APP,CST3,SERPINA3	0.00036	0.0322	APP-related cerebral amyloid angiopathy
DISEASES	DOID:0060085	24	237	9606	9606.ENSP00000167586,9606.ENSP00000216492,9606.ENSP00000250092,9606.ENSP00000252242,9606.ENSP00000256078,9606.ENSP00000261799,9606.ENSP00000265165,9606.ENSP00000274376,9606.ENSP00000283928,9606.ENSP00000290167,9606.ENSP00000307508,9606.ENSP00000307900,9606.ENSP00000329243,9606.ENSP00000359319,9606.ENSP00000373574,9606.ENSP00000376475,9606.ENSP00000376637,9606.ENSP00000378359,9606.ENSP00000383931,9606.ENSP00000393312,9606.ENSP00000405330,9606.ENSP00000416293,9606.ENSP00000457421,9606.ENSP00000496779	KRT14,CHGA,CD68,KRT5,KRAS,PDGFRB,LEF1,RASA1,JAZF1,WNT4,CALB2,GLUL,KRT7,PAX2,ACVRL1,PRKAR1A,IGF1,ADH6,GP5,FGFR1,ESR1,SLC2A1,PECAM1,LZTR1	0.00042	0.0357	Organ system benign neoplasm
DISEASES	DOID:0060440	5	11	9606	9606.ENSP00000231751,9606.ENSP00000252486,9606.ENSP00000315130,9606.ENSP00000352798,9606.ENSP00000416330	LTF,APOE,CLU,COL18A1,TGFBI	0.00043	0.0362	Epithelial and subepithelial dystrophy
DISEASES	DOID:1247	13	89	9606	9606.ENSP00000215727,9606.ENSP00000264690,9606.ENSP00000306099,9606.ENSP00000308541,9606.ENSP00000308782,9606.ENSP00000356771,9606.ENSP00000377783,9606.ENSP00000383382,9606.ENSP00000384957,9606.ENSP00000409126,9606.ENSP00000415941,9606.ENSP00000493985,9606.ENSP00000498441	SERPIND1,KLKB1,FGB,F2,GP6,F5,PROS1,GP1BB,F11,ANO6,C4B,KNG1,FGA	0.00044	0.0362	Blood coagulation disease
DISEASES	DOID:3390	9	46	9606	9606.ENSP00000167586,9606.ENSP00000246662,9606.ENSP00000252252,9606.ENSP00000261590,9606.ENSP00000301653,9606.ENSP00000310861,9606.ENSP00000369129,9606.ENSP00000369317,9606.ENSP00000468002	KRT14,KRT9,KRT6B,DSG2,KRT16,KRT2,DSP,KRT6A,KANK2	0.00053	0.0427	Palmoplantar keratosis
DISEASES	DOID:2355	18	156	9606	9606.ENSP00000229270,9606.ENSP00000251595,9606.ENSP00000264690,9606.ENSP00000294413,9606.ENSP00000299155,9606.ENSP00000319141,9606.ENSP00000349588,9606.ENSP00000359345,9606.ENSP00000362413,9606.ENSP00000377192,9606.ENSP00000386717,9606.ENSP00000416293,9606.ENSP00000494175,9606.ENSP00000494697,9606.ENSP00000495273,9606.ENSP00000496166,9606.ENSP00000496250,9606.ENSP00000497574	TPI1,HBA2,KLKB1,RHCE,AMN,CYBRD1,ANK2,RPL5,PGK1,G6PD,RPL31,SLC2A1,HBB,RPL9,RPS7,ALDOA,RPL11,GCLC	0.00054	0.0429	Anemia
DISEASES	DOID:0014667	73	1076	9606	9606.ENSP00000167586,9606.ENSP00000215882,9606.ENSP00000217426,9606.ENSP00000226760,9606.ENSP00000229270,9606.ENSP00000233242,9606.ENSP00000241052,9606.ENSP00000245907,9606.ENSP00000249356,9606.ENSP00000250092,9606.ENSP00000252242,9606.ENSP00000252486,9606.ENSP00000253122,9606.ENSP00000257264,9606.ENSP00000258145,9606.ENSP00000260408,9606.ENSP00000261024,9606.ENSP00000261267,9606.ENSP00000261647,9606.ENSP00000263341,9606.ENSP00000264170,9606.ENSP00000266031,9606.ENSP00000269097,9606.ENSP00000269228,9606.ENSP00000274276,9606.ENSP00000284981,9606.ENSP00000299155,9606.ENSP00000308541,9606.ENSP00000312150,9606.ENSP00000313391,9606.ENSP00000313504,9606.ENSP00000315130,9606.ENSP00000323929,9606.ENSP00000326305,9606.ENSP00000328364,9606.ENSP00000346839,9606.ENSP00000349446,9606.ENSP00000350425,9606.ENSP00000354111,9606.ENSP00000360645,9606.ENSP00000362413,9606.ENSP00000362924,9606.ENSP00000367123,9606.ENSP00000367615,9606.ENSP00000376637,9606.ENSP00000377192,9606.ENSP00000377783,9606.ENSP00000380666,9606.ENSP00000381448,9606.ENSP00000389998,9606.ENSP00000391481,9606.ENSP00000402760,9606.ENSP00000408411,9606.ENSP00000416066,9606.ENSP00000416330,9606.ENSP00000425915,9606.ENSP00000450540,9606.ENSP00000454071,9606.ENSP00000476176,9606.ENSP00000478255,9606.ENSP00000486291,9606.ENSP00000486891,9606.ENSP00000493153,9606.ENSP00000494175,9606.ENSP00000495385,9606.ENSP00000496166,9606.ENSP00000497910,9606.ENSP00000498321,9606.ENSP00000498358,9606.ENSP00000498441,9606.ENSP00000498786,9606.ENSP00000499695,9606.ENSP00000500990	KRT14,SLC25A1,AHCY,WFS1,TPI1,APOB,CAT,C3,DNAJB9,CD68,KRT5,APOE,SLC6A8,TCN1,GNS,ADAM10,SLC40A1,LYZ,TTC19,IL1B,KYNU,HYAL1,G6PC3,NPC1,OSMR,APP,AMN,F2,TRIB1,DAB2,PHKB,CLU,A2M,SLC25A20,MAFA,FN1,ARG1,APOA4,DNAJC5,MAN1B1,PGK1,GSN,SLC3A2,APRT,IGF1,G6PD,PROS1,SLC7A7,CST3,TMEM67,TKT,SLC22A5,LAMP2,SERPINA1,TGFBI,SELENOP,SERPINA3,LDLR,SLC37A4,ABCB1,SUGCT,TCF7L2,PPT1,HBB,SLC19A3,ALDOA,B2M,MYD88,FECH,FGA,HMBS,UCP2,SNCA	0.00058	0.0435	Disease of metabolism
DISEASES	DOID:0050828	16	130	9606	9606.ENSP00000221930,9606.ENSP00000233242,9606.ENSP00000252486,9606.ENSP00000263341,9606.ENSP00000304408,9606.ENSP00000308541,9606.ENSP00000325527,9606.ENSP00000331736,9606.ENSP00000338785,9606.ENSP00000351807,9606.ENSP00000353654,9606.ENSP00000361405,9606.ENSP00000363973,9606.ENSP00000379140,9606.ENSP00000392043,9606.ENSP00000399168	TGFB1,APOB,APOE,IL1B,COL3A1,F2,FBN1,SELE,STARD13,ELN,COL4A2,MMP9,ALPL,CXCL12,ATP2B1,HLA-B	0.00058	0.0435	Artery disease
DISEASES	DOID:1398	11	68	9606	9606.ENSP00000229270,9606.ENSP00000231449,9606.ENSP00000234111,9606.ENSP00000267569,9606.ENSP00000302324,9606.ENSP00000317674,9606.ENSP00000368572,9606.ENSP00000377192,9606.ENSP00000412237,9606.ENSP00000441828,9606.ENSP00000454071	TPI1,IL4,ODC1,JDP2,RNASE3,APOL1,SAT1,G6PD,IL10,HPR,LDLR	0.00056	0.0435	Parasitic infectious disease
DISEASES	DOID:589	10	57	9606	9606.ENSP00000229270,9606.ENSP00000251595,9606.ENSP00000264690,9606.ENSP00000349588,9606.ENSP00000362413,9606.ENSP00000377192,9606.ENSP00000416293,9606.ENSP00000494175,9606.ENSP00000496166,9606.ENSP00000497574	TPI1,HBA2,KLKB1,ANK2,PGK1,G6PD,SLC2A1,HBB,ALDOA,GCLC	0.00056	0.0435	Congenital hemolytic anemia
DISEASES	DOID:1289	39	481	9606	9606.ENSP00000168216,9606.ENSP00000225655,9606.ENSP00000229379,9606.ENSP00000242480,9606.ENSP00000244769,9606.ENSP00000252486,9606.ENSP00000260408,9606.ENSP00000265969,9606.ENSP00000270142,9606.ENSP00000284981,9606.ENSP00000292246,9606.ENSP00000298910,9606.ENSP00000307959,9606.ENSP00000315130,9606.ENSP00000323929,9606.ENSP00000338413,9606.ENSP00000340278,9606.ENSP00000345672,9606.ENSP00000351777,9606.ENSP00000352516,9606.ENSP00000353422,9606.ENSP00000354111,9606.ENSP00000356224,9606.ENSP00000356607,9606.ENSP00000366525,9606.ENSP00000379287,9606.ENSP00000380690,9606.ENSP00000381448,9606.ENSP00000391090,9606.ENSP00000414303,9606.ENSP00000416066,9606.ENSP00000417175,9606.ENSP00000432568,9606.ENSP00000446576,9606.ENSP00000450540,9606.ENSP00000452877,9606.ENSP00000482169,9606.ENSP00000493153,9606.ENSP00000500990	HSD17B10,PFN1,COX6A1,EGR2,ATXN1,APOE,ADAM10,KCNC1,SOD1,APP,ANO10,LRRK2,DST,CLU,A2M,UBA1,PARK7,CTSB,VCP,DNMT1,VPS13A,DNAJC5,SYNE1,RALGPS2,FTL,YWHAZ,BICDL1,CST3,CHEK1,BDNF,SERPINA1,VAPB,SPTBN2,ATXN2,SERPINA3,ZNF592,NEFL,PPT1,SNCA	0.0006	0.044	Neurodegenerative disease
